"","Session","Coin"
"1",1,1
"2",1,1
"3",2,0
"4",2,1
"5",2,0
"6",2,0
"7",2,0
"8",3,0
"9",3,1
"10",3,1
"11",3,1
"12",3,1
"13",3,1
"14",4,0
"15",4,1
"16",4,1
"17",4,1
"18",4,1
"19",4,0
"20",4,1
"21",5,1
"22",5,1
"23",6,0
"24",6,1
"25",6,1
"26",6,1
"27",6,1
"28",6,0
"29",6,1
"30",7,0
"31",7,1
"32",7,0
"33",7,1
"34",7,1
"35",7,0
"36",8,1
"37",8,0
"38",8,0
"39",8,1
"40",8,1
"41",9,1
"42",10,1
"43",10,1
"44",10,0
"45",11,0
"46",11,0
"47",11,1
"48",11,1
"49",11,1
"50",11,0
"51",12,1
"52",12,1
"53",12,0
"54",13,1
"55",13,0
"56",13,1
"57",13,0
"58",13,0
"59",13,1
"60",13,0
"61",13,0
"62",14,1
"63",14,1
"64",14,0
"65",15,0
"66",16,1
"67",16,0
"68",16,0
"69",17,1
"70",17,0
"71",17,1
"72",18,0
"73",18,0
"74",18,1
"75",18,1
"76",18,1
"77",18,1
"78",18,0
"79",18,1
"80",18,1
"81",18,0
"82",19,0
"83",19,1
"84",19,0
"85",19,1
"86",19,0
"87",19,1
"88",19,1
"89",20,0
"90",20,1
"91",20,1
"92",20,1
"93",20,1
"94",20,1
"95",20,1
"96",20,1
"97",20,1
"98",21,0
"99",21,1
"100",22,1
"101",22,0
"102",22,1
"103",22,0
"104",22,0
"105",22,1
"106",22,0
"107",22,1
"108",22,0
"109",23,0
"110",23,0
"111",23,1
"112",23,0
"113",23,0
"114",23,1
"115",23,1
"116",23,0
"117",24,0
"118",24,1
"119",24,1
"120",24,1
"121",25,1
"122",25,1
"123",25,1
"124",25,1
"125",25,1
"126",25,1
"127",25,1
"128",26,1
"129",26,1
"130",26,0
"131",27,0
"132",27,1
"133",27,0
"134",27,1
"135",27,1
"136",28,1
"137",28,1
"138",28,1
"139",28,0
"140",28,1
"141",28,0
"142",28,1
"143",28,0
"144",28,1
"145",28,1
"146",29,0
"147",29,1
"148",29,0
"149",29,0
"150",29,1
"151",29,0
"152",29,0
"153",29,1
"154",29,0
"155",30,1
"156",30,0
"157",30,0
"158",30,1
"159",30,1
"160",30,0
"161",31,1
"162",31,1
"163",31,1
"164",31,0
"165",31,0
"166",31,1
"167",31,1
"168",31,0
"169",31,0
"170",31,0
"171",32,0
"172",32,0
"173",33,0
"174",34,0
"175",34,1
"176",34,1
"177",34,0
"178",34,1
"179",34,0
"180",34,1
"181",35,1
"182",35,1
"183",35,1
"184",35,0
"185",36,1
"186",36,1
"187",37,0
"188",37,0
"189",37,1
"190",37,0
"191",37,1
"192",37,1
"193",37,1
"194",37,0
"195",37,1
"196",38,0
"197",38,1
"198",38,1
"199",38,0
"200",38,0
"201",39,0
"202",39,0
"203",39,0
"204",39,1
"205",39,0
"206",39,0
"207",39,1
"208",39,1
"209",40,1
"210",41,1
"211",42,1
"212",42,1
"213",42,1
"214",43,1
"215",43,1
"216",43,0
"217",43,0
"218",43,1
"219",43,0
"220",43,1
"221",43,0
"222",43,0
"223",43,0
"224",44,0
"225",44,1
"226",44,0
"227",44,0
"228",44,0
"229",44,1
"230",44,0
"231",44,1
"232",44,1
"233",45,1
"234",45,1
"235",45,0
"236",45,0
"237",45,1
"238",45,1
"239",45,0
"240",45,1
"241",45,1
"242",46,1
"243",46,0
"244",46,0
"245",46,0
"246",46,0
"247",46,0
"248",47,1
"249",47,0
"250",47,0
"251",47,0
"252",47,1
"253",47,0
"254",48,0
"255",48,0
"256",48,0
"257",48,1
"258",48,1
"259",49,0
"260",49,1
"261",49,0
"262",49,1
"263",49,0
"264",49,0
"265",50,0
"266",50,0
"267",50,1
"268",50,0
"269",50,0
"270",50,1
"271",51,1
"272",51,0
"273",51,1
"274",52,0
"275",52,1
"276",52,1
"277",52,0
"278",52,1
"279",52,1
"280",52,0
"281",52,0
"282",53,0
"283",53,1
"284",54,0
"285",54,1
"286",54,1
"287",54,0
"288",54,0
"289",54,1
"290",54,1
"291",55,0
"292",55,0
"293",55,0
"294",55,0
"295",55,1
"296",55,0
"297",55,1
"298",55,1
"299",55,0
"300",56,1
"301",56,1
"302",56,1
"303",56,0
"304",57,0
"305",57,0
"306",57,1
"307",57,1
"308",57,1
"309",57,1
"310",57,1
"311",57,0
"312",57,0
"313",57,0
"314",58,1
"315",58,0
"316",58,1
"317",58,1
"318",59,1
"319",59,0
"320",59,0
"321",59,1
"322",59,1
"323",59,1
"324",59,0
"325",60,0
"326",60,0
"327",60,1
"328",60,1
"329",60,0
"330",61,0
"331",61,0
"332",61,1
"333",61,0
"334",62,1
"335",62,1
"336",62,0
"337",62,0
"338",62,0
"339",62,1
"340",62,1
"341",62,0
"342",62,1
"343",62,0
"344",63,1
"345",63,1
"346",63,0
"347",63,1
"348",63,0
"349",63,0
"350",63,1
"351",63,1
"352",63,1
"353",64,1
"354",64,0
"355",64,0
"356",64,1
"357",64,0
"358",64,1
"359",64,1
"360",64,1
"361",65,0
"362",65,0
"363",65,1
"364",65,1
"365",65,1
"366",65,0
"367",65,0
"368",65,0
"369",66,1
"370",66,0
"371",66,1
"372",66,0
"373",66,1
"374",66,1
"375",67,1
"376",67,0
"377",67,0
"378",67,1
"379",67,0
"380",67,1
"381",67,0
"382",67,1
"383",68,1
"384",68,1
"385",68,1
"386",69,0
"387",70,0
"388",70,1
"389",70,0
"390",70,1
"391",70,0
"392",70,0
"393",70,1
"394",71,1
"395",71,0
"396",71,0
"397",71,1
"398",71,1
"399",71,0
"400",71,1
"401",71,0
"402",71,0
"403",71,0
"404",72,0
"405",72,1
"406",72,1
"407",72,0
"408",72,0
"409",72,1
"410",72,1
"411",73,1
"412",73,1
"413",73,1
"414",73,1
"415",73,0
"416",74,0
"417",74,1
"418",75,1
"419",76,1
"420",76,1
"421",76,1
"422",76,0
"423",76,0
"424",76,0
"425",77,0
"426",77,1
"427",77,1
"428",77,1
"429",77,1
"430",77,1
"431",78,1
"432",79,0
"433",79,0
"434",79,0
"435",79,1
"436",79,0
"437",79,0
"438",79,0
"439",79,0
"440",79,0
"441",80,1
"442",80,0
"443",80,1
"444",80,0
"445",80,0
"446",81,1
"447",82,0
"448",83,0
"449",83,0
"450",83,0
"451",84,1
"452",84,1
"453",84,1
"454",84,0
"455",85,1
"456",85,0
"457",85,0
"458",85,0
"459",85,0
"460",85,0
"461",85,1
"462",85,1
"463",86,0
"464",86,0
"465",86,1
"466",86,1
"467",86,0
"468",86,1
"469",86,1
"470",86,1
"471",86,0
"472",87,0
"473",87,0
"474",87,1
"475",87,1
"476",87,0
"477",87,0
"478",87,1
"479",87,1
"480",88,1
"481",88,0
"482",88,1
"483",88,1
"484",88,0
"485",88,0
"486",88,0
"487",88,0
"488",88,1
"489",88,0
"490",89,0
"491",90,0
"492",90,1
"493",90,0
"494",90,1
"495",90,1
"496",90,0
"497",90,1
"498",90,1
"499",90,1
"500",90,0
"501",91,1
"502",91,0
"503",91,1
"504",92,1
"505",92,1
"506",92,0
"507",92,1
"508",92,0
"509",92,1
"510",93,1
"511",93,1
"512",93,1
"513",93,1
"514",93,0
"515",94,1
"516",94,1
"517",95,1
"518",95,0
"519",95,1
"520",95,1
"521",95,0
"522",95,0
"523",95,1
"524",95,0
"525",95,1
"526",96,0
"527",96,0
"528",97,0
"529",97,0
"530",97,1
"531",97,0
"532",97,0
"533",97,0
"534",97,0
"535",97,0
"536",98,1
"537",99,0
"538",99,1
"539",99,0
"540",99,1
"541",99,1
"542",99,0
"543",99,1
"544",99,1
"545",99,1
"546",100,0
"547",100,0
"548",100,0
"549",100,0
"550",100,1
"551",100,0
"552",100,1
"553",100,0
"554",100,0
"555",101,1
"556",101,1
"557",101,0
"558",102,0
"559",102,0
"560",102,0
"561",102,1
"562",102,0
"563",102,0
"564",102,0
"565",102,0
"566",102,0
"567",103,0
"568",103,1
"569",103,0
"570",104,0
"571",104,0
"572",104,1
"573",104,0
"574",104,1
"575",104,1
"576",104,0
"577",104,1
"578",104,1
"579",105,0
"580",105,0
"581",105,1
"582",106,1
"583",106,1
"584",106,0
"585",107,1
"586",107,0
"587",107,0
"588",107,0
"589",107,0
"590",107,1
"591",107,1
"592",107,0
"593",107,0
"594",108,1
"595",108,1
"596",108,1
"597",108,1
"598",108,0
"599",108,0
"600",109,0
"601",109,0
"602",109,1
"603",109,0
"604",109,0
"605",109,1
"606",109,0
"607",110,1
"608",110,1
"609",110,1
"610",110,1
"611",110,0
"612",110,1
"613",110,0
"614",110,1
"615",110,0
"616",110,1
"617",111,1
"618",111,0
"619",111,0
"620",111,0
"621",111,0
"622",111,1
"623",111,0
"624",112,0
"625",112,1
"626",112,1
"627",112,1
"628",113,1
"629",114,1
"630",114,0
"631",114,0
"632",114,1
"633",114,1
"634",114,0
"635",114,1
"636",114,1
"637",114,1
"638",115,1
"639",115,0
"640",115,1
"641",116,0
"642",116,1
"643",117,0
"644",117,1
"645",117,0
"646",117,1
"647",117,0
"648",117,1
"649",117,0
"650",117,0
"651",117,1
"652",118,1
"653",118,1
"654",118,1
"655",118,0
"656",118,1
"657",118,1
"658",118,0
"659",118,0
"660",118,1
"661",119,0
"662",119,0
"663",119,1
"664",119,0
"665",119,1
"666",119,1
"667",119,1
"668",119,1
"669",119,1
"670",119,1
"671",120,1
"672",120,1
"673",120,0
"674",120,0
"675",120,0
"676",120,0
"677",120,1
"678",121,0
"679",121,1
"680",121,1
"681",121,1
"682",121,1
"683",121,1
"684",121,0
"685",121,1
"686",121,0
"687",121,0
"688",122,0
"689",122,1
"690",122,1
"691",122,0
"692",122,1
"693",122,0
"694",123,1
"695",123,1
"696",124,0
"697",124,0
"698",124,0
"699",124,0
"700",125,1
"701",125,1
"702",125,1
"703",125,0
"704",125,0
"705",125,0
"706",125,1
"707",126,1
"708",126,0
"709",126,0
"710",126,1
"711",127,1
"712",127,0
"713",127,1
"714",127,1
"715",127,0
"716",127,0
"717",127,0
"718",127,0
"719",127,0
"720",128,1
"721",128,1
"722",128,1
"723",128,0
"724",128,0
"725",128,1
"726",128,1
"727",128,0
"728",128,0
"729",128,1
"730",129,0
"731",129,1
"732",129,1
"733",129,1
"734",129,0
"735",129,1
"736",129,1
"737",129,0
"738",129,1
"739",129,0
"740",130,1
"741",130,0
"742",130,1
"743",130,1
"744",130,0
"745",130,0
"746",130,0
"747",130,0
"748",130,1
"749",130,1
"750",131,0
"751",131,1
"752",131,0
"753",131,0
"754",131,0
"755",131,1
"756",131,1
"757",131,1
"758",131,0
"759",132,1
"760",132,0
"761",132,0
"762",132,1
"763",132,0
"764",132,0
"765",132,1
"766",132,1
"767",133,0
"768",133,0
"769",133,0
"770",133,1
"771",133,1
"772",134,0
"773",134,0
"774",134,0
"775",134,0
"776",134,0
"777",134,1
"778",134,1
"779",134,0
"780",134,0
"781",134,1
"782",135,1
"783",135,0
"784",135,0
"785",135,1
"786",135,1
"787",135,1
"788",135,0
"789",135,0
"790",135,1
"791",136,0
"792",136,1
"793",137,0
"794",137,0
"795",138,0
"796",138,1
"797",138,0
"798",138,1
"799",138,1
"800",138,0
"801",139,1
"802",139,0
"803",139,1
"804",140,1
"805",140,1
"806",140,0
"807",140,1
"808",140,0
"809",140,0
"810",141,0
"811",141,0
"812",142,1
"813",142,1
"814",142,1
"815",142,1
"816",142,1
"817",142,0
"818",142,1
"819",142,1
"820",142,1
"821",143,0
"822",143,1
"823",143,1
"824",143,0
"825",143,1
"826",143,0
"827",143,0
"828",143,1
"829",144,0
"830",144,0
"831",144,1
"832",144,1
"833",145,0
"834",145,1
"835",145,1
"836",145,1
"837",145,0
"838",145,1
"839",145,0
"840",145,0
"841",145,1
"842",146,1
"843",146,0
"844",146,1
"845",146,1
"846",146,1
"847",146,1
"848",146,1
"849",146,1
"850",146,0
"851",146,1
"852",147,1
"853",147,0
"854",147,0
"855",147,1
"856",147,0
"857",147,0
"858",147,1
"859",147,1
"860",147,0
"861",147,1
"862",148,1
"863",148,1
"864",148,0
"865",148,1
"866",148,1
"867",148,1
"868",149,1
"869",149,1
"870",149,1
"871",149,0
"872",149,0
"873",149,0
"874",149,0
"875",150,0
"876",150,0
"877",150,1
"878",150,0
"879",150,0
"880",150,1
"881",150,0
"882",150,0
"883",150,1
"884",150,0
"885",151,1
"886",151,1
"887",151,0
"888",152,1
"889",152,0
"890",153,1
"891",153,1
"892",154,1
"893",154,1
"894",154,0
"895",154,1
"896",154,0
"897",154,0
"898",154,0
"899",155,0
"900",155,1
"901",155,0
"902",155,1
"903",155,0
"904",156,1
"905",156,1
"906",156,0
"907",156,1
"908",156,0
"909",156,1
"910",157,0
"911",158,0
"912",158,0
"913",158,1
"914",158,1
"915",158,0
"916",158,1
"917",159,0
"918",159,0
"919",160,1
"920",160,0
"921",160,0
"922",161,0
"923",162,0
"924",162,1
"925",162,1
"926",162,1
"927",162,1
"928",162,1
"929",162,0
"930",162,1
"931",162,0
"932",162,1
"933",163,0
"934",163,1
"935",163,0
"936",163,0
"937",163,0
"938",163,1
"939",163,0
"940",164,1
"941",164,0
"942",165,1
"943",165,0
"944",165,1
"945",165,1
"946",166,0
"947",166,1
"948",166,1
"949",166,1
"950",167,1
"951",167,1
"952",167,1
"953",167,0
"954",167,1
"955",168,0
"956",168,0
"957",168,0
"958",168,1
"959",169,1
"960",169,1
"961",169,0
"962",169,1
"963",169,1
"964",169,1
"965",169,1
"966",169,1
"967",169,1
"968",169,1
"969",170,1
"970",170,1
"971",170,0
"972",170,0
"973",170,0
"974",171,1
"975",171,0
"976",171,1
"977",171,0
"978",171,1
"979",171,0
"980",171,0
"981",171,0
"982",172,1
"983",172,1
"984",172,1
"985",172,1
"986",172,0
"987",172,0
"988",172,1
"989",172,1
"990",173,0
"991",173,0
"992",173,1
"993",173,0
"994",173,0
"995",173,1
"996",174,0
"997",175,0
"998",175,1
"999",175,0
"1000",176,1
"1001",176,1
"1002",176,1
"1003",176,1
"1004",176,0
"1005",176,0
"1006",176,1
"1007",177,1
"1008",177,1
"1009",177,1
"1010",177,0
"1011",178,1
"1012",178,0
"1013",179,0
"1014",179,0
"1015",179,1
"1016",179,1
"1017",179,1
"1018",180,0
"1019",180,1
"1020",180,0
"1021",181,1
"1022",181,0
"1023",181,1
"1024",181,1
"1025",181,0
"1026",181,0
"1027",181,1
"1028",181,1
"1029",181,1
"1030",182,0
"1031",182,0
"1032",182,0
"1033",182,0
"1034",182,0
"1035",182,0
"1036",182,1
"1037",182,1
"1038",182,1
"1039",183,1
"1040",183,1
"1041",183,0
"1042",183,1
"1043",183,0
"1044",183,0
"1045",183,1
"1046",183,0
"1047",183,0
"1048",184,1
"1049",184,1
"1050",184,1
"1051",184,0
"1052",184,0
"1053",184,0
"1054",184,0
"1055",184,1
"1056",184,1
"1057",185,0
"1058",185,0
"1059",185,0
"1060",186,0
"1061",186,1
"1062",187,1
"1063",187,1
"1064",188,1
"1065",189,1
"1066",189,0
"1067",190,0
"1068",190,1
"1069",190,1
"1070",190,0
"1071",190,1
"1072",190,1
"1073",190,0
"1074",190,0
"1075",191,1
"1076",192,0
"1077",192,1
"1078",192,0
"1079",192,0
"1080",192,1
"1081",192,1
"1082",193,1
"1083",193,1
"1084",193,0
"1085",193,1
"1086",193,1
"1087",193,1
"1088",194,1
"1089",194,1
"1090",194,1
"1091",194,1
"1092",194,0
"1093",194,0
"1094",194,1
"1095",194,0
"1096",195,0
"1097",195,1
"1098",195,0
"1099",195,0
"1100",196,0
"1101",196,0
"1102",196,1
"1103",196,1
"1104",196,0
"1105",196,0
"1106",196,0
"1107",196,0
"1108",196,1
"1109",197,0
"1110",197,0
"1111",197,1
"1112",197,1
"1113",197,1
"1114",198,1
"1115",198,1
"1116",198,1
"1117",198,1
"1118",198,1
"1119",199,1
"1120",199,1
"1121",199,1
"1122",199,1
"1123",200,1
"1124",200,1
"1125",201,1
"1126",201,0
"1127",201,1
"1128",201,0
"1129",201,1
"1130",202,0
"1131",202,1
"1132",202,0
"1133",202,1
"1134",203,1
"1135",203,1
"1136",203,0
"1137",203,1
"1138",203,1
"1139",204,0
"1140",205,1
"1141",205,1
"1142",205,0
"1143",205,0
"1144",205,1
"1145",206,0
"1146",206,1
"1147",206,0
"1148",206,0
"1149",206,1
"1150",206,1
"1151",206,0
"1152",206,1
"1153",206,1
"1154",206,1
"1155",207,1
"1156",207,0
"1157",207,0
"1158",207,1
"1159",207,1
"1160",207,1
"1161",208,1
"1162",208,0
"1163",208,0
"1164",208,1
"1165",208,0
"1166",208,0
"1167",208,0
"1168",208,0
"1169",209,0
"1170",209,1
"1171",209,0
"1172",209,1
"1173",210,1
"1174",210,0
"1175",210,1
"1176",210,0
"1177",210,1
"1178",210,0
"1179",210,1
"1180",210,0
"1181",211,0
"1182",211,1
"1183",211,1
"1184",211,0
"1185",211,0
"1186",211,1
"1187",211,1
"1188",211,1
"1189",211,0
"1190",212,0
"1191",212,1
"1192",212,0
"1193",212,0
"1194",212,1
"1195",212,1
"1196",212,1
"1197",213,1
"1198",213,0
"1199",213,1
"1200",213,0
"1201",213,1
"1202",213,0
"1203",213,0
"1204",214,0
"1205",214,0
"1206",214,0
"1207",214,1
"1208",215,1
"1209",215,1
"1210",215,1
"1211",215,0
"1212",215,0
"1213",215,1
"1214",215,1
"1215",215,1
"1216",216,1
"1217",216,0
"1218",217,0
"1219",217,0
"1220",217,0
"1221",217,1
"1222",217,0
"1223",217,1
"1224",218,1
"1225",218,0
"1226",218,0
"1227",218,0
"1228",218,1
"1229",218,1
"1230",218,1
"1231",218,0
"1232",219,0
"1233",219,0
"1234",219,0
"1235",219,1
"1236",219,0
"1237",220,0
"1238",220,0
"1239",220,0
"1240",220,0
"1241",220,1
"1242",220,1
"1243",220,1
"1244",220,1
"1245",221,1
"1246",221,1
"1247",221,0
"1248",221,0
"1249",221,1
"1250",222,1
"1251",222,1
"1252",222,1
"1253",222,1
"1254",222,0
"1255",222,0
"1256",222,0
"1257",222,0
"1258",222,1
"1259",223,1
"1260",224,1
"1261",224,0
"1262",224,1
"1263",224,0
"1264",224,0
"1265",225,0
"1266",226,0
"1267",226,0
"1268",226,1
"1269",226,0
"1270",226,1
"1271",227,0
"1272",227,1
"1273",227,0
"1274",228,1
"1275",229,0
"1276",229,0
"1277",229,1
"1278",229,1
"1279",229,1
"1280",229,1
"1281",229,0
"1282",229,1
"1283",229,1
"1284",229,1
"1285",230,1
"1286",230,0
"1287",230,1
"1288",230,0
"1289",230,1
"1290",230,1
"1291",231,1
"1292",231,1
"1293",231,0
"1294",231,0
"1295",231,1
"1296",232,0
"1297",232,0
"1298",232,0
"1299",232,0
"1300",232,1
"1301",233,0
"1302",233,0
"1303",233,1
"1304",233,0
"1305",234,0
"1306",234,1
"1307",234,1
"1308",234,1
"1309",234,1
"1310",234,1
"1311",234,0
"1312",234,0
"1313",234,0
"1314",235,1
"1315",235,1
"1316",235,0
"1317",235,1
"1318",235,1
"1319",235,0
"1320",236,1
"1321",236,0
"1322",236,1
"1323",236,1
"1324",237,1
"1325",237,0
"1326",237,1
"1327",238,0
"1328",238,0
"1329",238,0
"1330",238,1
"1331",238,0
"1332",239,0
"1333",239,1
"1334",239,1
"1335",239,0
"1336",239,1
"1337",239,1
"1338",239,1
"1339",239,1
"1340",240,0
"1341",240,0
"1342",241,1
"1343",242,1
"1344",242,0
"1345",242,0
"1346",242,1
"1347",242,1
"1348",242,1
"1349",242,1
"1350",242,1
"1351",242,1
"1352",242,1
"1353",243,1
"1354",243,1
"1355",243,0
"1356",243,0
"1357",243,1
"1358",243,0
"1359",243,0
"1360",243,0
"1361",244,1
"1362",244,0
"1363",244,1
"1364",244,1
"1365",244,1
"1366",244,0
"1367",245,1
"1368",245,0
"1369",245,1
"1370",245,1
"1371",245,0
"1372",246,1
"1373",246,1
"1374",246,1
"1375",247,0
"1376",248,1
"1377",248,0
"1378",248,1
"1379",248,1
"1380",248,0
"1381",248,1
"1382",248,1
"1383",249,1
"1384",249,0
"1385",249,0
"1386",249,0
"1387",249,1
"1388",249,1
"1389",249,1
"1390",249,1
"1391",249,0
"1392",249,0
"1393",250,1
"1394",250,0
"1395",250,1
"1396",251,1
"1397",251,1
"1398",251,0
"1399",251,1
"1400",251,1
"1401",251,0
"1402",251,1
"1403",252,1
"1404",253,1
"1405",253,1
"1406",253,0
"1407",253,1
"1408",253,0
"1409",254,1
"1410",254,0
"1411",255,1
"1412",255,0
"1413",255,1
"1414",255,1
"1415",255,0
"1416",256,0
"1417",256,0
"1418",257,0
"1419",257,0
"1420",257,0
"1421",257,0
"1422",257,1
"1423",257,1
"1424",257,0
"1425",257,1
"1426",257,0
"1427",258,1
"1428",259,0
"1429",260,0
"1430",260,1
"1431",260,0
"1432",260,0
"1433",260,1
"1434",260,0
"1435",261,0
"1436",261,0
"1437",261,0
"1438",261,0
"1439",262,1
"1440",262,0
"1441",262,0
"1442",263,0
"1443",263,1
"1444",263,0
"1445",263,0
"1446",263,0
"1447",263,0
"1448",264,1
"1449",265,0
"1450",265,1
"1451",265,0
"1452",265,1
"1453",265,0
"1454",265,0
"1455",265,1
"1456",266,0
"1457",266,0
"1458",266,1
"1459",266,1
"1460",266,0
"1461",266,0
"1462",266,1
"1463",266,0
"1464",266,0
"1465",267,0
"1466",267,1
"1467",267,1
"1468",267,0
"1469",267,0
"1470",267,1
"1471",268,0
"1472",268,0
"1473",268,0
"1474",268,1
"1475",269,1
"1476",269,0
"1477",269,0
"1478",269,1
"1479",269,0
"1480",269,1
"1481",269,1
"1482",269,1
"1483",269,0
"1484",270,1
"1485",271,0
"1486",271,0
"1487",271,0
"1488",271,0
"1489",271,1
"1490",271,1
"1491",271,1
"1492",272,1
"1493",272,1
"1494",272,0
"1495",273,0
"1496",273,1
"1497",274,1
"1498",275,1
"1499",275,0
"1500",275,0
"1501",275,0
"1502",275,0
"1503",275,1
"1504",275,0
"1505",275,0
"1506",276,0
"1507",276,1
"1508",276,0
"1509",276,0
"1510",276,1
"1511",276,0
"1512",276,0
"1513",276,0
"1514",276,1
"1515",277,1
"1516",277,1
"1517",277,0
"1518",277,1
"1519",277,1
"1520",277,1
"1521",277,1
"1522",278,1
"1523",278,1
"1524",279,0
"1525",279,1
"1526",279,0
"1527",279,0
"1528",279,0
"1529",279,1
"1530",279,0
"1531",279,1
"1532",280,1
"1533",280,0
"1534",280,0
"1535",280,1
"1536",280,0
"1537",280,0
"1538",280,1
"1539",281,0
"1540",282,0
"1541",282,0
"1542",282,1
"1543",282,1
"1544",282,1
"1545",282,1
"1546",282,1
"1547",283,0
"1548",283,0
"1549",283,1
"1550",283,0
"1551",283,1
"1552",283,0
"1553",283,1
"1554",283,1
"1555",284,0
"1556",284,0
"1557",284,0
"1558",285,0
"1559",285,0
"1560",285,1
"1561",285,1
"1562",285,1
"1563",285,1
"1564",285,0
"1565",286,1
"1566",286,1
"1567",286,0
"1568",286,1
"1569",286,1
"1570",286,1
"1571",286,1
"1572",286,1
"1573",286,0
"1574",287,0
"1575",288,0
"1576",288,0
"1577",288,1
"1578",288,1
"1579",288,1
"1580",288,1
"1581",288,0
"1582",289,0
"1583",289,1
"1584",290,0
"1585",290,1
"1586",290,0
"1587",290,1
"1588",290,0
"1589",290,0
"1590",291,0
"1591",291,0
"1592",291,1
"1593",291,0
"1594",291,0
"1595",291,1
"1596",291,0
"1597",291,1
"1598",292,0
"1599",292,0
"1600",293,1
"1601",293,1
"1602",293,0
"1603",293,0
"1604",293,0
"1605",293,1
"1606",294,0
"1607",294,1
"1608",295,1
"1609",295,0
"1610",295,0
"1611",295,0
"1612",295,1
"1613",295,0
"1614",295,0
"1615",296,0
"1616",296,1
"1617",296,0
"1618",296,1
"1619",296,0
"1620",296,1
"1621",296,1
"1622",296,1
"1623",296,0
"1624",296,1
"1625",297,1
"1626",298,0
"1627",298,1
"1628",299,0
"1629",299,0
"1630",299,0
"1631",300,1
"1632",300,1
"1633",300,0
"1634",300,0
"1635",300,0
"1636",300,1
"1637",300,1
"1638",301,0
"1639",301,0
"1640",301,0
"1641",301,1
"1642",302,1
"1643",302,1
"1644",302,1
"1645",302,1
"1646",303,1
"1647",303,1
"1648",303,1
"1649",303,0
"1650",303,1
"1651",303,1
"1652",303,1
"1653",303,1
"1654",303,0
"1655",303,1
"1656",304,0
"1657",304,1
"1658",304,1
"1659",305,1
"1660",305,1
"1661",305,0
"1662",305,1
"1663",305,0
"1664",305,0
"1665",305,0
"1666",306,1
"1667",306,0
"1668",306,1
"1669",306,0
"1670",306,1
"1671",306,0
"1672",306,1
"1673",307,0
"1674",307,1
"1675",307,0
"1676",307,1
"1677",307,1
"1678",307,1
"1679",308,0
"1680",308,0
"1681",309,0
"1682",309,0
"1683",309,0
"1684",309,1
"1685",309,1
"1686",309,0
"1687",309,0
"1688",310,0
"1689",310,0
"1690",310,1
"1691",310,0
"1692",311,0
"1693",311,1
"1694",311,0
"1695",311,1
"1696",311,0
"1697",312,1
"1698",312,0
"1699",312,0
"1700",312,0
"1701",312,0
"1702",312,0
"1703",312,1
"1704",313,0
"1705",313,0
"1706",313,0
"1707",313,1
"1708",313,0
"1709",313,1
"1710",313,1
"1711",313,0
"1712",313,1
"1713",314,1
"1714",314,1
"1715",314,1
"1716",315,0
"1717",315,1
"1718",315,1
"1719",316,0
"1720",316,0
"1721",316,0
"1722",316,0
"1723",316,0
"1724",316,0
"1725",317,1
"1726",317,1
"1727",317,1
"1728",317,0
"1729",317,1
"1730",317,1
"1731",317,1
"1732",318,1
"1733",319,1
"1734",319,1
"1735",319,1
"1736",319,1
"1737",319,1
"1738",320,1
"1739",320,1
"1740",320,1
"1741",320,1
"1742",320,1
"1743",320,0
"1744",320,1
"1745",320,0
"1746",320,0
"1747",321,0
"1748",322,0
"1749",322,0
"1750",322,1
"1751",322,1
"1752",322,1
"1753",322,0
"1754",322,1
"1755",322,0
"1756",322,0
"1757",322,0
"1758",323,0
"1759",323,0
"1760",323,1
"1761",323,1
"1762",323,1
"1763",323,0
"1764",323,1
"1765",323,0
"1766",323,0
"1767",323,1
"1768",324,1
"1769",324,0
"1770",324,0
"1771",324,0
"1772",325,0
"1773",325,1
"1774",325,0
"1775",326,1
"1776",326,0
"1777",326,1
"1778",327,1
"1779",327,0
"1780",327,0
"1781",327,1
"1782",328,0
"1783",328,1
"1784",328,0
"1785",328,0
"1786",328,0
"1787",328,0
"1788",328,1
"1789",328,0
"1790",329,0
"1791",329,1
"1792",329,0
"1793",330,1
"1794",330,1
"1795",331,0
"1796",331,1
"1797",331,1
"1798",331,1
"1799",331,1
"1800",331,1
"1801",331,1
"1802",331,0
"1803",332,1
"1804",333,1
"1805",333,1
"1806",333,1
"1807",333,0
"1808",333,1
"1809",333,1
"1810",333,0
"1811",333,0
"1812",333,1
"1813",333,0
"1814",334,1
"1815",334,0
"1816",334,1
"1817",334,0
"1818",334,1
"1819",334,0
"1820",335,0
"1821",335,1
"1822",335,0
"1823",335,1
"1824",335,0
"1825",336,0
"1826",336,0
"1827",336,0
"1828",336,1
"1829",337,0
"1830",337,1
"1831",337,1
"1832",337,0
"1833",337,1
"1834",337,1
"1835",338,1
"1836",338,0
"1837",338,0
"1838",338,1
"1839",338,0
"1840",338,0
"1841",338,0
"1842",338,0
"1843",338,0
"1844",338,0
"1845",339,1
"1846",339,0
"1847",339,1
"1848",339,1
"1849",340,1
"1850",340,0
"1851",340,0
"1852",340,1
"1853",340,1
"1854",341,0
"1855",341,1
"1856",341,0
"1857",341,1
"1858",341,0
"1859",342,1
"1860",342,1
"1861",342,1
"1862",342,1
"1863",342,0
"1864",342,1
"1865",342,0
"1866",342,0
"1867",342,0
"1868",342,0
"1869",343,1
"1870",343,1
"1871",343,1
"1872",343,0
"1873",343,0
"1874",343,1
"1875",344,1
"1876",344,1
"1877",345,0
"1878",345,1
"1879",345,1
"1880",345,0
"1881",345,0
"1882",345,0
"1883",345,0
"1884",345,0
"1885",346,1
"1886",346,1
"1887",346,1
"1888",346,0
"1889",347,1
"1890",347,0
"1891",347,1
"1892",348,1
"1893",348,1
"1894",348,1
"1895",348,0
"1896",348,1
"1897",348,1
"1898",348,0
"1899",348,0
"1900",348,1
"1901",348,1
"1902",349,1
"1903",349,0
"1904",349,1
"1905",349,1
"1906",349,0
"1907",349,0
"1908",349,0
"1909",349,1
"1910",349,1
"1911",349,1
"1912",350,0
"1913",351,0
"1914",351,0
"1915",352,1
"1916",352,1
"1917",352,1
"1918",352,1
"1919",352,0
"1920",353,1
"1921",354,0
"1922",354,1
"1923",354,1
"1924",354,0
"1925",354,1
"1926",354,0
"1927",354,0
"1928",354,0
"1929",354,0
"1930",355,1
"1931",355,0
"1932",356,0
"1933",357,1
"1934",357,1
"1935",357,1
"1936",357,1
"1937",357,0
"1938",357,1
"1939",357,0
"1940",357,1
"1941",358,0
"1942",358,0
"1943",358,0
"1944",358,0
"1945",358,1
"1946",358,0
"1947",358,1
"1948",358,1
"1949",358,1
"1950",358,1
"1951",359,1
"1952",359,1
"1953",359,0
"1954",359,0
"1955",359,1
"1956",359,1
"1957",359,1
"1958",359,1
"1959",359,0
"1960",359,1
"1961",360,0
"1962",360,1
"1963",360,1
"1964",360,0
"1965",360,0
"1966",360,1
"1967",360,1
"1968",360,1
"1969",360,1
"1970",360,0
"1971",361,0
"1972",361,0
"1973",361,0
"1974",361,1
"1975",361,0
"1976",362,1
"1977",362,0
"1978",362,0
"1979",362,0
"1980",362,0
"1981",362,0
"1982",362,1
"1983",362,0
"1984",362,0
"1985",362,0
"1986",363,1
"1987",363,0
"1988",363,1
"1989",363,1
"1990",363,1
"1991",363,0
"1992",363,0
"1993",363,0
"1994",363,0
"1995",364,1
"1996",364,1
"1997",364,0
"1998",364,0
"1999",364,0
"2000",365,1
"2001",365,1
"2002",365,1
"2003",365,1
"2004",365,1
"2005",365,0
"2006",365,1
"2007",365,0
"2008",365,0
"2009",365,0
"2010",366,0
"2011",366,1
"2012",366,0
"2013",366,0
"2014",366,1
"2015",366,1
"2016",366,0
"2017",367,0
"2018",367,1
"2019",367,1
"2020",367,1
"2021",368,0
"2022",368,0
"2023",368,0
"2024",368,1
"2025",368,1
"2026",368,1
"2027",368,0
"2028",369,1
"2029",369,1
"2030",369,1
"2031",369,1
"2032",369,1
"2033",370,1
"2034",370,0
"2035",370,1
"2036",370,0
"2037",370,0
"2038",371,0
"2039",371,1
"2040",371,0
"2041",371,0
"2042",371,0
"2043",372,0
"2044",372,1
"2045",372,1
"2046",372,1
"2047",372,0
"2048",372,0
"2049",372,1
"2050",372,1
"2051",372,1
"2052",373,1
"2053",373,0
"2054",373,1
"2055",373,1
"2056",373,1
"2057",373,1
"2058",374,0
"2059",374,0
"2060",374,0
"2061",374,0
"2062",374,1
"2063",375,0
"2064",375,0
"2065",375,1
"2066",375,0
"2067",375,0
"2068",376,0
"2069",376,0
"2070",376,0
"2071",376,0
"2072",376,0
"2073",376,1
"2074",376,1
"2075",376,1
"2076",377,1
"2077",377,1
"2078",377,0
"2079",378,0
"2080",378,0
"2081",378,0
"2082",378,1
"2083",378,0
"2084",378,1
"2085",378,1
"2086",378,1
"2087",378,0
"2088",378,1
"2089",379,0
"2090",379,1
"2091",379,0
"2092",379,0
"2093",379,1
"2094",379,1
"2095",379,1
"2096",380,0
"2097",380,1
"2098",380,1
"2099",380,1
"2100",381,1
"2101",381,1
"2102",381,0
"2103",381,1
"2104",381,0
"2105",381,1
"2106",381,1
"2107",382,0
"2108",382,1
"2109",382,1
"2110",382,0
"2111",382,0
"2112",382,0
"2113",382,0
"2114",382,1
"2115",382,0
"2116",383,1
"2117",383,1
"2118",383,0
"2119",383,0
"2120",383,1
"2121",383,0
"2122",383,1
"2123",384,1
"2124",384,0
"2125",384,1
"2126",384,0
"2127",384,0
"2128",384,1
"2129",384,1
"2130",384,1
"2131",385,1
"2132",386,0
"2133",386,1
"2134",386,1
"2135",386,0
"2136",386,0
"2137",386,0
"2138",386,1
"2139",386,0
"2140",386,0
"2141",386,0
"2142",387,1
"2143",387,0
"2144",387,1
"2145",387,1
"2146",387,1
"2147",387,0
"2148",387,0
"2149",387,1
"2150",388,1
"2151",389,1
"2152",389,0
"2153",389,0
"2154",390,1
"2155",390,0
"2156",390,1
"2157",390,0
"2158",390,0
"2159",391,1
"2160",391,0
"2161",391,1
"2162",391,1
"2163",391,0
"2164",391,1
"2165",391,0
"2166",391,1
"2167",392,0
"2168",392,1
"2169",392,1
"2170",392,0
"2171",392,0
"2172",392,1
"2173",393,1
"2174",393,0
"2175",394,1
"2176",394,1
"2177",394,1
"2178",394,1
"2179",394,0
"2180",395,0
"2181",395,1
"2182",395,0
"2183",395,0
"2184",395,1
"2185",395,0
"2186",395,1
"2187",395,0
"2188",396,1
"2189",396,0
"2190",396,0
"2191",396,0
"2192",396,1
"2193",396,0
"2194",396,1
"2195",397,0
"2196",397,0
"2197",397,0
"2198",397,0
"2199",397,0
"2200",397,0
"2201",397,1
"2202",397,0
"2203",397,0
"2204",398,0
"2205",398,0
"2206",398,0
"2207",398,1
"2208",398,0
"2209",398,1
"2210",399,0
"2211",399,1
"2212",399,0
"2213",399,0
"2214",399,1
"2215",399,0
"2216",399,0
"2217",400,0
"2218",401,0
"2219",401,0
"2220",402,0
"2221",402,1
"2222",402,1
"2223",402,0
"2224",402,0
"2225",402,1
"2226",402,1
"2227",402,1
"2228",402,1
"2229",402,0
"2230",403,1
"2231",403,0
"2232",403,1
"2233",403,0
"2234",403,0
"2235",404,0
"2236",404,1
"2237",405,1
"2238",405,0
"2239",406,0
"2240",406,0
"2241",406,0
"2242",406,0
"2243",406,1
"2244",406,0
"2245",406,1
"2246",407,1
"2247",407,1
"2248",407,1
"2249",408,0
"2250",408,0
"2251",408,0
"2252",408,1
"2253",408,1
"2254",409,1
"2255",409,1
"2256",409,0
"2257",409,0
"2258",409,1
"2259",409,1
"2260",409,1
"2261",409,0
"2262",410,0
"2263",410,0
"2264",410,1
"2265",410,1
"2266",410,1
"2267",410,0
"2268",410,0
"2269",411,0
"2270",411,0
"2271",411,1
"2272",411,1
"2273",411,1
"2274",411,1
"2275",411,0
"2276",411,1
"2277",411,0
"2278",411,1
"2279",412,0
"2280",412,1
"2281",413,1
"2282",413,1
"2283",413,0
"2284",413,0
"2285",413,1
"2286",413,1
"2287",413,0
"2288",414,0
"2289",414,1
"2290",414,1
"2291",414,1
"2292",414,0
"2293",415,0
"2294",415,1
"2295",415,0
"2296",415,1
"2297",415,1
"2298",416,1
"2299",416,1
"2300",416,1
"2301",417,0
"2302",417,1
"2303",417,0
"2304",417,0
"2305",417,0
"2306",418,0
"2307",418,1
"2308",418,0
"2309",418,1
"2310",418,0
"2311",418,1
"2312",418,1
"2313",418,1
"2314",418,1
"2315",419,1
"2316",419,0
"2317",419,1
"2318",419,0
"2319",419,0
"2320",419,1
"2321",419,0
"2322",419,0
"2323",419,0
"2324",420,0
"2325",420,0
"2326",420,0
"2327",420,1
"2328",420,1
"2329",420,1
"2330",421,0
"2331",421,1
"2332",421,1
"2333",421,0
"2334",421,1
"2335",421,0
"2336",421,1
"2337",421,0
"2338",421,0
"2339",421,0
"2340",422,0
"2341",422,1
"2342",422,0
"2343",422,1
"2344",422,0
"2345",422,0
"2346",422,1
"2347",422,0
"2348",422,1
"2349",423,0
"2350",423,1
"2351",423,0
"2352",424,0
"2353",424,0
"2354",424,0
"2355",424,1
"2356",425,0
"2357",425,1
"2358",425,1
"2359",425,0
"2360",426,0
"2361",426,1
"2362",426,0
"2363",426,0
"2364",426,0
"2365",427,0
"2366",427,0
"2367",427,1
"2368",427,1
"2369",427,1
"2370",427,0
"2371",427,0
"2372",427,1
"2373",428,0
"2374",429,1
"2375",429,1
"2376",429,1
"2377",429,1
"2378",429,1
"2379",429,0
"2380",429,1
"2381",429,1
"2382",429,1
"2383",430,0
"2384",430,0
"2385",431,0
"2386",431,1
"2387",431,0
"2388",431,1
"2389",431,0
"2390",432,1
"2391",432,0
"2392",432,0
"2393",432,1
"2394",432,0
"2395",432,0
"2396",432,1
"2397",433,1
"2398",433,1
"2399",434,0
"2400",434,1
"2401",434,1
"2402",434,0
"2403",434,0
"2404",434,1
"2405",434,1
"2406",434,0
"2407",435,0
"2408",435,0
"2409",435,0
"2410",435,1
"2411",435,0
"2412",435,1
"2413",435,0
"2414",435,1
"2415",435,0
"2416",435,1
"2417",436,1
"2418",437,0
"2419",437,0
"2420",437,0
"2421",437,1
"2422",437,1
"2423",437,1
"2424",438,0
"2425",438,0
"2426",438,0
"2427",438,1
"2428",439,0
"2429",439,0
"2430",439,0
"2431",440,0
"2432",440,0
"2433",440,0
"2434",440,0
"2435",440,0
"2436",440,1
"2437",440,0
"2438",440,0
"2439",441,0
"2440",441,1
"2441",441,1
"2442",441,0
"2443",441,1
"2444",441,0
"2445",442,0
"2446",442,1
"2447",442,1
"2448",442,1
"2449",442,1
"2450",443,0
"2451",443,1
"2452",443,1
"2453",443,1
"2454",443,1
"2455",443,1
"2456",443,0
"2457",443,0
"2458",444,1
"2459",445,1
"2460",445,0
"2461",445,0
"2462",445,1
"2463",446,1
"2464",446,1
"2465",446,0
"2466",446,1
"2467",446,0
"2468",447,0
"2469",447,1
"2470",447,0
"2471",447,0
"2472",447,0
"2473",447,1
"2474",447,0
"2475",447,0
"2476",447,1
"2477",448,1
"2478",448,1
"2479",448,1
"2480",448,0
"2481",448,0
"2482",448,1
"2483",448,0
"2484",448,0
"2485",448,0
"2486",449,1
"2487",449,0
"2488",450,1
"2489",450,0
"2490",450,0
"2491",450,1
"2492",450,0
"2493",450,1
"2494",450,0
"2495",451,1
"2496",451,0
"2497",451,0
"2498",451,0
"2499",451,0
"2500",451,0
"2501",452,0
"2502",452,1
"2503",452,0
"2504",453,0
"2505",453,0
"2506",453,1
"2507",453,1
"2508",453,1
"2509",453,1
"2510",454,0
"2511",455,0
"2512",455,0
"2513",455,1
"2514",455,0
"2515",455,0
"2516",455,0
"2517",455,1
"2518",455,0
"2519",456,0
"2520",456,1
"2521",456,0
"2522",456,1
"2523",456,0
"2524",457,0
"2525",458,1
"2526",458,1
"2527",458,0
"2528",458,1
"2529",459,0
"2530",459,0
"2531",459,0
"2532",459,1
"2533",459,0
"2534",459,1
"2535",459,1
"2536",460,0
"2537",460,0
"2538",461,0
"2539",461,0
"2540",461,0
"2541",461,0
"2542",461,0
"2543",461,0
"2544",461,0
"2545",461,1
"2546",462,0
"2547",462,0
"2548",462,1
"2549",462,0
"2550",462,1
"2551",463,0
"2552",463,0
"2553",463,1
"2554",463,0
"2555",463,1
"2556",463,0
"2557",463,0
"2558",463,0
"2559",463,0
"2560",464,0
"2561",464,1
"2562",464,0
"2563",464,0
"2564",464,1
"2565",464,0
"2566",464,0
"2567",465,0
"2568",466,1
"2569",466,1
"2570",466,0
"2571",466,0
"2572",466,0
"2573",466,1
"2574",466,0
"2575",467,0
"2576",467,1
"2577",467,0
"2578",467,0
"2579",467,1
"2580",467,0
"2581",467,0
"2582",467,1
"2583",467,0
"2584",467,0
"2585",468,1
"2586",468,1
"2587",468,0
"2588",468,1
"2589",468,1
"2590",468,1
"2591",468,0
"2592",469,1
"2593",470,0
"2594",470,1
"2595",470,1
"2596",471,1
"2597",471,0
"2598",471,0
"2599",472,0
"2600",472,0
"2601",472,0
"2602",472,0
"2603",472,0
"2604",472,1
"2605",472,1
"2606",472,1
"2607",472,0
"2608",472,1
"2609",473,0
"2610",473,0
"2611",473,0
"2612",473,0
"2613",474,1
"2614",474,0
"2615",474,1
"2616",474,0
"2617",474,1
"2618",474,0
"2619",474,1
"2620",474,0
"2621",474,1
"2622",475,1
"2623",475,0
"2624",476,0
"2625",476,0
"2626",476,0
"2627",476,0
"2628",476,0
"2629",476,1
"2630",476,0
"2631",476,1
"2632",477,0
"2633",477,1
"2634",477,1
"2635",477,0
"2636",477,1
"2637",477,1
"2638",477,1
"2639",477,1
"2640",478,1
"2641",478,0
"2642",478,0
"2643",479,0
"2644",479,1
"2645",479,1
"2646",479,0
"2647",479,1
"2648",479,0
"2649",479,0
"2650",479,0
"2651",480,1
"2652",480,1
"2653",480,0
"2654",480,1
"2655",480,1
"2656",480,0
"2657",480,1
"2658",481,0
"2659",481,1
"2660",481,1
"2661",481,1
"2662",481,0
"2663",481,0
"2664",481,1
"2665",482,1
"2666",482,1
"2667",482,1
"2668",482,0
"2669",482,0
"2670",483,1
"2671",483,0
"2672",483,1
"2673",483,0
"2674",483,1
"2675",483,1
"2676",483,1
"2677",483,0
"2678",484,1
"2679",484,0
"2680",484,1
"2681",484,0
"2682",484,1
"2683",484,1
"2684",484,1
"2685",484,0
"2686",484,0
"2687",485,1
"2688",485,0
"2689",485,1
"2690",485,1
"2691",486,0
"2692",486,0
"2693",486,0
"2694",486,1
"2695",486,0
"2696",486,0
"2697",486,0
"2698",486,1
"2699",486,1
"2700",487,1
"2701",487,1
"2702",487,0
"2703",487,1
"2704",488,1
"2705",488,0
"2706",488,1
"2707",488,0
"2708",488,1
"2709",488,1
"2710",488,1
"2711",488,0
"2712",488,1
"2713",489,0
"2714",489,1
"2715",489,0
"2716",489,1
"2717",489,0
"2718",489,1
"2719",489,0
"2720",489,1
"2721",489,0
"2722",489,1
"2723",490,1
"2724",490,0
"2725",490,0
"2726",490,1
"2727",490,0
"2728",490,1
"2729",490,1
"2730",490,1
"2731",491,1
"2732",491,0
"2733",491,0
"2734",491,0
"2735",491,0
"2736",491,0
"2737",492,1
"2738",492,0
"2739",492,1
"2740",492,1
"2741",492,0
"2742",492,1
"2743",493,1
"2744",494,1
"2745",494,0
"2746",494,1
"2747",494,0
"2748",494,0
"2749",494,0
"2750",494,1
"2751",494,0
"2752",494,0
"2753",495,1
"2754",495,0
"2755",495,1
"2756",495,1
"2757",495,1
"2758",495,1
"2759",495,0
"2760",495,0
"2761",495,0
"2762",496,0
"2763",496,0
"2764",496,0
"2765",496,0
"2766",496,0
"2767",496,1
"2768",497,1
"2769",497,1
"2770",497,1
"2771",498,0
"2772",498,1
"2773",498,0
"2774",498,0
"2775",499,0
"2776",499,1
"2777",499,0
"2778",499,1
"2779",499,0
"2780",499,0
"2781",499,0
"2782",499,0
"2783",499,1
"2784",500,1
"2785",500,0
"2786",500,1
"2787",500,1
"2788",500,0
"2789",500,1
"2790",500,0
"2791",500,0
"2792",501,1
"2793",501,0
"2794",501,0
"2795",501,0
"2796",501,1
"2797",501,1
"2798",502,1
"2799",502,1
"2800",503,1
"2801",503,0
"2802",503,0
"2803",504,1
"2804",504,1
"2805",504,1
"2806",505,0
"2807",505,0
"2808",505,1
"2809",505,1
"2810",505,0
"2811",505,1
"2812",506,0
"2813",506,0
"2814",507,1
"2815",507,1
"2816",507,1
"2817",507,0
"2818",507,1
"2819",507,1
"2820",508,1
"2821",508,1
"2822",508,1
"2823",508,1
"2824",508,1
"2825",509,1
"2826",509,0
"2827",509,1
"2828",510,0
"2829",510,1
"2830",510,0
"2831",510,0
"2832",510,1
"2833",511,0
"2834",511,0
"2835",511,1
"2836",511,0
"2837",512,1
"2838",512,1
"2839",512,1
"2840",512,0
"2841",512,1
"2842",512,1
"2843",512,0
"2844",512,0
"2845",513,1
"2846",513,1
"2847",513,1
"2848",513,0
"2849",513,0
"2850",513,1
"2851",513,0
"2852",514,0
"2853",514,0
"2854",515,0
"2855",515,1
"2856",515,1
"2857",515,1
"2858",515,0
"2859",515,0
"2860",515,1
"2861",515,1
"2862",515,1
"2863",516,0
"2864",516,0
"2865",516,0
"2866",516,0
"2867",516,0
"2868",516,0
"2869",516,1
"2870",516,1
"2871",517,0
"2872",517,1
"2873",517,0
"2874",517,0
"2875",517,0
"2876",517,0
"2877",517,0
"2878",517,0
"2879",518,1
"2880",518,0
"2881",518,0
"2882",518,1
"2883",518,0
"2884",518,1
"2885",518,1
"2886",518,1
"2887",518,0
"2888",519,0
"2889",519,0
"2890",519,0
"2891",519,0
"2892",519,1
"2893",519,0
"2894",519,0
"2895",520,1
"2896",520,1
"2897",521,1
"2898",521,0
"2899",521,0
"2900",522,0
"2901",522,0
"2902",522,1
"2903",523,0
"2904",523,0
"2905",523,0
"2906",523,1
"2907",523,0
"2908",523,1
"2909",524,1
"2910",524,1
"2911",524,1
"2912",524,0
"2913",525,0
"2914",526,0
"2915",526,1
"2916",526,1
"2917",526,1
"2918",526,1
"2919",526,1
"2920",526,1
"2921",526,1
"2922",526,0
"2923",526,1
"2924",527,0
"2925",527,0
"2926",527,1
"2927",527,0
"2928",527,0
"2929",528,0
"2930",528,0
"2931",528,1
"2932",528,0
"2933",528,0
"2934",528,0
"2935",528,0
"2936",528,1
"2937",528,1
"2938",528,1
"2939",529,0
"2940",529,1
"2941",529,0
"2942",529,1
"2943",529,1
"2944",529,1
"2945",530,0
"2946",530,1
"2947",530,0
"2948",531,0
"2949",531,1
"2950",531,1
"2951",531,1
"2952",531,1
"2953",531,0
"2954",531,1
"2955",531,0
"2956",531,0
"2957",531,1
"2958",532,0
"2959",532,0
"2960",533,0
"2961",533,1
"2962",533,1
"2963",533,1
"2964",534,0
"2965",534,1
"2966",535,0
"2967",535,0
"2968",535,1
"2969",535,1
"2970",535,1
"2971",535,0
"2972",535,0
"2973",535,0
"2974",535,0
"2975",536,0
"2976",536,1
"2977",536,0
"2978",536,0
"2979",536,1
"2980",536,0
"2981",536,0
"2982",536,0
"2983",536,1
"2984",537,0
"2985",537,0
"2986",538,1
"2987",538,1
"2988",538,1
"2989",539,1
"2990",539,0
"2991",539,0
"2992",539,0
"2993",539,0
"2994",540,0
"2995",540,1
"2996",540,0
"2997",540,1
"2998",540,0
"2999",540,0
"3000",540,1
"3001",540,1
"3002",540,0
"3003",541,0
"3004",541,0
"3005",541,0
"3006",541,0
"3007",541,1
"3008",541,0
"3009",541,0
"3010",541,1
"3011",541,0
"3012",542,1
"3013",542,0
"3014",542,1
"3015",543,1
"3016",543,1
"3017",543,1
"3018",543,1
"3019",543,0
"3020",543,0
"3021",543,1
"3022",543,0
"3023",543,0
"3024",543,0
"3025",544,1
"3026",544,0
"3027",544,0
"3028",544,0
"3029",545,1
"3030",545,1
"3031",545,1
"3032",546,0
"3033",546,0
"3034",546,1
"3035",546,0
"3036",546,1
"3037",546,0
"3038",546,0
"3039",547,0
"3040",547,0
"3041",547,0
"3042",547,0
"3043",547,1
"3044",547,0
"3045",547,1
"3046",548,1
"3047",548,1
"3048",548,0
"3049",548,1
"3050",548,0
"3051",548,0
"3052",548,0
"3053",549,1
"3054",549,1
"3055",549,1
"3056",550,1
"3057",550,0
"3058",551,0
"3059",551,1
"3060",551,0
"3061",551,1
"3062",551,1
"3063",551,0
"3064",551,1
"3065",551,0
"3066",552,1
"3067",552,0
"3068",552,0
"3069",552,1
"3070",552,0
"3071",552,0
"3072",552,1
"3073",552,1
"3074",553,1
"3075",553,1
"3076",553,0
"3077",553,1
"3078",553,1
"3079",553,0
"3080",553,1
"3081",553,1
"3082",553,1
"3083",553,0
"3084",554,0
"3085",555,1
"3086",555,1
"3087",555,0
"3088",555,0
"3089",555,1
"3090",556,1
"3091",556,1
"3092",556,0
"3093",556,1
"3094",556,1
"3095",556,0
"3096",556,1
"3097",556,0
"3098",556,1
"3099",557,1
"3100",557,1
"3101",557,0
"3102",557,1
"3103",557,0
"3104",558,1
"3105",559,1
"3106",559,1
"3107",559,1
"3108",559,0
"3109",559,1
"3110",559,1
"3111",559,1
"3112",559,1
"3113",559,1
"3114",560,0
"3115",560,1
"3116",561,0
"3117",561,1
"3118",561,0
"3119",561,0
"3120",561,0
"3121",561,1
"3122",561,1
"3123",561,0
"3124",562,1
"3125",562,0
"3126",562,1
"3127",562,0
"3128",562,0
"3129",562,0
"3130",562,0
"3131",563,1
"3132",563,1
"3133",563,0
"3134",563,0
"3135",563,1
"3136",563,0
"3137",563,1
"3138",564,1
"3139",564,0
"3140",564,0
"3141",564,0
"3142",564,0
"3143",564,0
"3144",564,0
"3145",564,1
"3146",565,0
"3147",565,1
"3148",565,1
"3149",565,1
"3150",565,1
"3151",566,1
"3152",566,0
"3153",567,1
"3154",567,0
"3155",567,0
"3156",567,1
"3157",568,0
"3158",569,0
"3159",569,0
"3160",569,1
"3161",569,1
"3162",569,0
"3163",569,0
"3164",569,1
"3165",569,0
"3166",569,0
"3167",569,1
"3168",570,0
"3169",570,0
"3170",570,0
"3171",570,1
"3172",570,1
"3173",570,0
"3174",570,1
"3175",571,0
"3176",571,0
"3177",572,0
"3178",572,0
"3179",572,0
"3180",572,1
"3181",572,0
"3182",572,1
"3183",572,1
"3184",572,1
"3185",572,0
"3186",572,0
"3187",573,1
"3188",573,0
"3189",573,0
"3190",573,0
"3191",574,1
"3192",574,1
"3193",574,1
"3194",574,1
"3195",574,1
"3196",575,1
"3197",576,1
"3198",576,1
"3199",576,0
"3200",576,1
"3201",576,1
"3202",576,1
"3203",576,1
"3204",576,0
"3205",577,0
"3206",577,1
"3207",577,0
"3208",577,1
"3209",577,0
"3210",577,0
"3211",577,1
"3212",577,1
"3213",577,1
"3214",577,0
"3215",578,1
"3216",578,1
"3217",578,1
"3218",579,1
"3219",580,1
"3220",580,0
"3221",580,0
"3222",580,1
"3223",580,1
"3224",580,1
"3225",580,0
"3226",580,1
"3227",581,0
"3228",582,1
"3229",582,1
"3230",582,0
"3231",582,0
"3232",582,1
"3233",582,0
"3234",582,0
"3235",582,0
"3236",583,1
"3237",583,0
"3238",583,1
"3239",583,0
"3240",583,1
"3241",583,1
"3242",584,1
"3243",584,0
"3244",584,1
"3245",584,0
"3246",584,1
"3247",584,0
"3248",585,1
"3249",585,0
"3250",585,1
"3251",585,0
"3252",585,1
"3253",585,0
"3254",585,1
"3255",585,0
"3256",586,1
"3257",586,0
"3258",587,0
"3259",588,1
"3260",588,1
"3261",588,1
"3262",588,1
"3263",588,0
"3264",589,1
"3265",589,1
"3266",589,0
"3267",590,1
"3268",590,1
"3269",590,1
"3270",590,0
"3271",591,0
"3272",591,1
"3273",591,1
"3274",592,1
"3275",592,0
"3276",592,1
"3277",592,1
"3278",593,0
"3279",593,0
"3280",594,1
"3281",594,0
"3282",594,0
"3283",594,1
"3284",594,1
"3285",594,0
"3286",594,1
"3287",595,1
"3288",595,0
"3289",595,1
"3290",595,1
"3291",596,0
"3292",596,1
"3293",596,1
"3294",596,1
"3295",596,0
"3296",596,1
"3297",597,0
"3298",597,1
"3299",597,1
"3300",597,1
"3301",597,0
"3302",597,1
"3303",597,1
"3304",598,0
"3305",598,0
"3306",598,1
"3307",598,0
"3308",598,1
"3309",598,0
"3310",598,0
"3311",598,0
"3312",598,0
"3313",599,1
"3314",599,1
"3315",599,1
"3316",599,1
"3317",599,0
"3318",599,1
"3319",599,0
"3320",599,0
"3321",599,1
"3322",600,1
"3323",600,1
"3324",600,0
"3325",600,1
"3326",600,0
"3327",600,0
"3328",600,1
"3329",601,1
"3330",601,1
"3331",602,1
"3332",602,0
"3333",603,1
"3334",603,1
"3335",603,1
"3336",603,0
"3337",603,0
"3338",604,1
"3339",604,0
"3340",604,1
"3341",604,1
"3342",604,1
"3343",605,0
"3344",606,0
"3345",606,0
"3346",606,1
"3347",607,0
"3348",607,0
"3349",607,0
"3350",607,0
"3351",607,1
"3352",607,0
"3353",608,1
"3354",608,0
"3355",608,0
"3356",608,0
"3357",608,0
"3358",608,0
"3359",608,1
"3360",608,1
"3361",609,0
"3362",609,1
"3363",609,1
"3364",609,1
"3365",609,1
"3366",609,0
"3367",609,1
"3368",609,1
"3369",610,0
"3370",610,1
"3371",610,1
"3372",611,0
"3373",611,1
"3374",611,1
"3375",611,1
"3376",612,0
"3377",612,1
"3378",613,1
"3379",613,1
"3380",613,1
"3381",613,1
"3382",614,1
"3383",614,0
"3384",614,0
"3385",614,0
"3386",614,0
"3387",615,0
"3388",615,1
"3389",616,1
"3390",616,1
"3391",616,1
"3392",616,0
"3393",616,0
"3394",616,1
"3395",616,1
"3396",616,1
"3397",616,1
"3398",617,0
"3399",617,1
"3400",617,1
"3401",617,1
"3402",617,0
"3403",617,1
"3404",617,1
"3405",618,0
"3406",618,0
"3407",618,1
"3408",618,0
"3409",618,0
"3410",618,1
"3411",618,0
"3412",618,0
"3413",618,1
"3414",618,0
"3415",619,0
"3416",619,1
"3417",619,0
"3418",619,0
"3419",619,1
"3420",619,1
"3421",619,0
"3422",619,0
"3423",619,1
"3424",619,1
"3425",620,0
"3426",620,1
"3427",620,1
"3428",620,0
"3429",620,0
"3430",620,1
"3431",620,0
"3432",620,1
"3433",620,1
"3434",621,1
"3435",621,0
"3436",621,1
"3437",621,0
"3438",621,1
"3439",622,0
"3440",622,1
"3441",622,0
"3442",622,0
"3443",622,0
"3444",622,1
"3445",622,1
"3446",622,1
"3447",622,1
"3448",623,1
"3449",623,1
"3450",624,1
"3451",624,0
"3452",624,1
"3453",624,0
"3454",625,1
"3455",625,1
"3456",625,0
"3457",625,1
"3458",625,1
"3459",625,0
"3460",625,1
"3461",625,0
"3462",625,1
"3463",626,0
"3464",626,0
"3465",626,1
"3466",626,0
"3467",626,1
"3468",627,1
"3469",627,0
"3470",628,0
"3471",628,0
"3472",628,0
"3473",628,1
"3474",629,0
"3475",629,0
"3476",629,0
"3477",629,0
"3478",629,1
"3479",629,0
"3480",630,1
"3481",630,0
"3482",630,0
"3483",630,0
"3484",630,0
"3485",630,0
"3486",631,1
"3487",632,1
"3488",632,1
"3489",632,0
"3490",632,0
"3491",632,1
"3492",633,0
"3493",633,0
"3494",633,0
"3495",633,0
"3496",633,1
"3497",633,1
"3498",633,1
"3499",633,0
"3500",633,1
"3501",634,1
"3502",634,0
"3503",634,0
"3504",634,1
"3505",634,0
"3506",634,0
"3507",634,1
"3508",634,0
"3509",635,0
"3510",636,1
"3511",637,0
"3512",637,1
"3513",637,0
"3514",637,1
"3515",637,0
"3516",637,1
"3517",637,0
"3518",637,0
"3519",638,1
"3520",638,0
"3521",638,1
"3522",638,0
"3523",638,1
"3524",638,1
"3525",639,1
"3526",639,0
"3527",639,1
"3528",639,1
"3529",639,0
"3530",640,1
"3531",640,0
"3532",640,0
"3533",640,1
"3534",641,1
"3535",641,1
"3536",641,1
"3537",641,0
"3538",641,1
"3539",641,0
"3540",641,0
"3541",641,0
"3542",641,1
"3543",642,1
"3544",642,0
"3545",642,1
"3546",643,1
"3547",643,1
"3548",644,1
"3549",644,0
"3550",644,1
"3551",644,1
"3552",644,1
"3553",644,0
"3554",645,0
"3555",645,0
"3556",645,0
"3557",645,0
"3558",645,1
"3559",646,1
"3560",646,0
"3561",646,1
"3562",647,0
"3563",647,1
"3564",647,1
"3565",647,1
"3566",647,0
"3567",647,1
"3568",648,0
"3569",648,1
"3570",648,1
"3571",648,1
"3572",648,0
"3573",648,0
"3574",648,0
"3575",649,1
"3576",649,0
"3577",649,1
"3578",649,1
"3579",649,1
"3580",650,0
"3581",650,1
"3582",650,0
"3583",650,1
"3584",650,1
"3585",650,1
"3586",650,0
"3587",650,0
"3588",651,1
"3589",651,1
"3590",652,1
"3591",653,1
"3592",653,0
"3593",653,1
"3594",654,1
"3595",654,0
"3596",654,0
"3597",654,1
"3598",654,1
"3599",654,1
"3600",654,0
"3601",654,0
"3602",655,0
"3603",655,0
"3604",655,1
"3605",655,0
"3606",655,1
"3607",655,1
"3608",655,0
"3609",655,1
"3610",656,0
"3611",656,0
"3612",657,0
"3613",657,1
"3614",657,1
"3615",658,0
"3616",658,1
"3617",658,0
"3618",658,0
"3619",658,0
"3620",658,1
"3621",659,1
"3622",659,1
"3623",659,1
"3624",659,1
"3625",659,0
"3626",660,0
"3627",660,1
"3628",660,0
"3629",661,0
"3630",661,1
"3631",661,0
"3632",661,0
"3633",661,0
"3634",661,1
"3635",662,1
"3636",662,1
"3637",662,0
"3638",662,1
"3639",662,1
"3640",662,1
"3641",663,1
"3642",663,1
"3643",663,1
"3644",663,1
"3645",663,0
"3646",663,0
"3647",663,1
"3648",663,1
"3649",664,0
"3650",664,0
"3651",664,0
"3652",664,1
"3653",664,0
"3654",664,1
"3655",664,0
"3656",664,1
"3657",664,1
"3658",664,1
"3659",665,1
"3660",666,1
"3661",666,0
"3662",666,0
"3663",666,0
"3664",667,0
"3665",667,1
"3666",667,0
"3667",667,1
"3668",668,1
"3669",668,1
"3670",668,0
"3671",668,1
"3672",668,0
"3673",668,1
"3674",668,1
"3675",668,1
"3676",668,0
"3677",668,1
"3678",669,0
"3679",669,1
"3680",669,0
"3681",669,1
"3682",669,0
"3683",670,1
"3684",670,1
"3685",670,1
"3686",670,1
"3687",670,0
"3688",670,0
"3689",670,1
"3690",670,1
"3691",670,0
"3692",670,1
"3693",671,1
"3694",672,1
"3695",672,1
"3696",673,0
"3697",673,0
"3698",673,0
"3699",673,1
"3700",673,0
"3701",673,0
"3702",673,1
"3703",674,1
"3704",674,0
"3705",674,1
"3706",674,0
"3707",674,0
"3708",674,1
"3709",674,0
"3710",674,0
"3711",674,0
"3712",675,0
"3713",675,0
"3714",675,1
"3715",675,1
"3716",675,1
"3717",675,0
"3718",675,0
"3719",675,1
"3720",676,0
"3721",676,0
"3722",676,0
"3723",676,0
"3724",676,1
"3725",676,1
"3726",676,1
"3727",676,0
"3728",676,0
"3729",676,1
"3730",677,0
"3731",677,1
"3732",677,0
"3733",677,0
"3734",677,0
"3735",677,0
"3736",678,1
"3737",678,1
"3738",678,0
"3739",678,0
"3740",678,0
"3741",678,1
"3742",678,1
"3743",678,1
"3744",678,1
"3745",679,1
"3746",679,1
"3747",679,0
"3748",679,1
"3749",679,1
"3750",679,1
"3751",680,0
"3752",680,1
"3753",680,0
"3754",680,1
"3755",681,0
"3756",681,0
"3757",681,0
"3758",681,0
"3759",681,0
"3760",681,0
"3761",682,0
"3762",682,1
"3763",682,1
"3764",682,0
"3765",682,1
"3766",683,0
"3767",683,1
"3768",683,1
"3769",683,1
"3770",684,0
"3771",684,1
"3772",685,1
"3773",685,1
"3774",685,0
"3775",685,1
"3776",685,0
"3777",685,1
"3778",685,1
"3779",685,0
"3780",685,0
"3781",685,0
"3782",686,0
"3783",686,0
"3784",686,1
"3785",686,0
"3786",687,1
"3787",687,1
"3788",687,1
"3789",687,0
"3790",687,1
"3791",687,0
"3792",688,0
"3793",688,0
"3794",689,0
"3795",689,0
"3796",689,1
"3797",689,0
"3798",689,0
"3799",689,1
"3800",689,1
"3801",689,1
"3802",690,0
"3803",690,0
"3804",691,1
"3805",691,1
"3806",691,0
"3807",692,0
"3808",692,0
"3809",692,1
"3810",692,0
"3811",692,1
"3812",692,0
"3813",692,1
"3814",692,1
"3815",692,0
"3816",692,1
"3817",693,1
"3818",694,0
"3819",694,1
"3820",694,1
"3821",694,0
"3822",694,1
"3823",694,1
"3824",694,1
"3825",695,1
"3826",695,1
"3827",695,0
"3828",695,0
"3829",695,1
"3830",695,0
"3831",695,1
"3832",695,1
"3833",696,0
"3834",696,1
"3835",696,0
"3836",696,0
"3837",696,1
"3838",696,1
"3839",696,1
"3840",696,0
"3841",696,0
"3842",697,1
"3843",697,1
"3844",697,1
"3845",697,1
"3846",697,1
"3847",697,1
"3848",697,0
"3849",697,0
"3850",698,0
"3851",698,0
"3852",698,1
"3853",698,1
"3854",698,0
"3855",698,1
"3856",699,0
"3857",699,0
"3858",699,0
"3859",699,1
"3860",699,0
"3861",699,0
"3862",700,1
"3863",700,0
"3864",700,1
"3865",700,0
"3866",700,0
"3867",700,0
"3868",700,1
"3869",700,0
"3870",701,1
"3871",701,1
"3872",701,0
"3873",701,1
"3874",701,1
"3875",702,0
"3876",702,1
"3877",702,0
"3878",702,1
"3879",702,0
"3880",702,1
"3881",703,1
"3882",703,0
"3883",703,0
"3884",704,1
"3885",704,0
"3886",704,0
"3887",704,1
"3888",704,1
"3889",705,0
"3890",705,1
"3891",705,1
"3892",705,0
"3893",705,0
"3894",705,0
"3895",705,0
"3896",705,0
"3897",705,1
"3898",705,1
"3899",706,1
"3900",706,1
"3901",706,0
"3902",706,1
"3903",706,1
"3904",706,1
"3905",706,0
"3906",707,1
"3907",707,0
"3908",707,0
"3909",707,0
"3910",707,1
"3911",707,1
"3912",707,0
"3913",707,1
"3914",707,1
"3915",707,0
"3916",708,1
"3917",708,1
"3918",708,1
"3919",708,0
"3920",709,0
"3921",709,0
"3922",709,0
"3923",709,1
"3924",710,0
"3925",710,1
"3926",710,0
"3927",711,1
"3928",711,0
"3929",711,1
"3930",711,1
"3931",712,0
"3932",712,0
"3933",712,0
"3934",713,1
"3935",713,0
"3936",714,0
"3937",715,1
"3938",715,1
"3939",715,1
"3940",715,1
"3941",715,1
"3942",715,1
"3943",715,1
"3944",715,0
"3945",716,1
"3946",716,1
"3947",716,1
"3948",716,0
"3949",716,0
"3950",716,1
"3951",716,1
"3952",716,0
"3953",717,0
"3954",717,0
"3955",717,1
"3956",717,0
"3957",717,1
"3958",717,0
"3959",717,0
"3960",717,1
"3961",717,0
"3962",717,0
"3963",718,1
"3964",718,1
"3965",718,1
"3966",718,1
"3967",718,1
"3968",718,1
"3969",718,0
"3970",718,1
"3971",718,1
"3972",718,1
"3973",719,0
"3974",719,1
"3975",719,0
"3976",719,1
"3977",719,1
"3978",719,0
"3979",719,0
"3980",719,1
"3981",719,1
"3982",719,1
"3983",720,0
"3984",720,0
"3985",720,1
"3986",720,1
"3987",720,0
"3988",720,1
"3989",720,1
"3990",721,0
"3991",722,1
"3992",722,1
"3993",722,0
"3994",722,0
"3995",722,1
"3996",722,1
"3997",722,0
"3998",722,1
"3999",723,1
"4000",724,1
"4001",724,0
"4002",724,0
"4003",724,1
"4004",725,1
"4005",725,0
"4006",725,1
"4007",725,1
"4008",725,0
"4009",726,0
"4010",727,0
"4011",727,0
"4012",728,1
"4013",728,1
"4014",728,1
"4015",728,0
"4016",728,1
"4017",728,1
"4018",729,1
"4019",729,0
"4020",729,1
"4021",729,1
"4022",730,1
"4023",730,1
"4024",730,1
"4025",730,1
"4026",730,0
"4027",730,1
"4028",730,1
"4029",730,1
"4030",731,0
"4031",731,1
"4032",731,1
"4033",731,0
"4034",731,1
"4035",731,1
"4036",731,1
"4037",732,1
"4038",732,0
"4039",733,1
"4040",733,0
"4041",733,0
"4042",733,0
"4043",733,0
"4044",733,0
"4045",733,0
"4046",733,1
"4047",733,0
"4048",734,1
"4049",734,1
"4050",734,0
"4051",734,1
"4052",734,0
"4053",734,0
"4054",734,1
"4055",735,1
"4056",735,0
"4057",735,1
"4058",735,1
"4059",735,1
"4060",736,1
"4061",736,0
"4062",736,1
"4063",736,0
"4064",736,1
"4065",736,0
"4066",736,1
"4067",736,1
"4068",737,1
"4069",737,0
"4070",737,0
"4071",737,1
"4072",738,0
"4073",738,0
"4074",738,1
"4075",738,1
"4076",738,1
"4077",738,0
"4078",739,0
"4079",739,1
"4080",739,1
"4081",739,1
"4082",739,0
"4083",739,0
"4084",739,1
"4085",740,1
"4086",740,1
"4087",741,0
"4088",741,1
"4089",741,1
"4090",741,1
"4091",741,1
"4092",741,1
"4093",741,0
"4094",741,1
"4095",742,0
"4096",742,0
"4097",742,0
"4098",743,1
"4099",743,0
"4100",743,1
"4101",743,1
"4102",743,0
"4103",744,0
"4104",745,0
"4105",745,1
"4106",746,1
"4107",746,1
"4108",746,1
"4109",746,1
"4110",746,1
"4111",747,0
"4112",747,0
"4113",747,1
"4114",747,0
"4115",747,0
"4116",747,1
"4117",747,0
"4118",747,0
"4119",747,1
"4120",748,1
"4121",748,0
"4122",748,1
"4123",749,1
"4124",749,0
"4125",749,1
"4126",750,0
"4127",751,1
"4128",752,0
"4129",752,0
"4130",752,0
"4131",752,1
"4132",752,0
"4133",752,0
"4134",752,1
"4135",753,0
"4136",753,1
"4137",753,0
"4138",754,0
"4139",754,0
"4140",754,0
"4141",754,0
"4142",754,0
"4143",755,1
"4144",755,0
"4145",756,1
"4146",756,0
"4147",756,0
"4148",756,1
"4149",757,0
"4150",757,0
"4151",757,0
"4152",757,1
"4153",757,0
"4154",757,0
"4155",757,0
"4156",757,0
"4157",757,1
"4158",758,1
"4159",758,0
"4160",758,0
"4161",758,0
"4162",758,0
"4163",758,1
"4164",758,1
"4165",759,0
"4166",759,0
"4167",759,1
"4168",759,0
"4169",759,1
"4170",759,1
"4171",759,0
"4172",759,0
"4173",759,0
"4174",760,1
"4175",760,0
"4176",761,1
"4177",761,1
"4178",761,1
"4179",761,0
"4180",761,1
"4181",761,0
"4182",762,1
"4183",762,1
"4184",762,0
"4185",762,1
"4186",762,1
"4187",762,1
"4188",762,0
"4189",763,1
"4190",763,0
"4191",764,0
"4192",764,1
"4193",764,0
"4194",765,0
"4195",765,0
"4196",765,0
"4197",765,1
"4198",765,0
"4199",765,1
"4200",765,1
"4201",765,1
"4202",766,1
"4203",766,1
"4204",766,1
"4205",766,0
"4206",766,0
"4207",767,0
"4208",767,1
"4209",767,0
"4210",767,1
"4211",767,0
"4212",767,1
"4213",767,1
"4214",767,1
"4215",768,1
"4216",768,1
"4217",768,1
"4218",768,0
"4219",768,1
"4220",768,1
"4221",768,0
"4222",769,1
"4223",769,1
"4224",769,1
"4225",769,1
"4226",769,0
"4227",769,1
"4228",769,1
"4229",769,1
"4230",769,0
"4231",770,1
"4232",770,1
"4233",770,0
"4234",770,0
"4235",771,0
"4236",771,0
"4237",771,0
"4238",771,1
"4239",771,0
"4240",772,1
"4241",772,0
"4242",772,1
"4243",773,1
"4244",773,0
"4245",773,1
"4246",774,1
"4247",774,1
"4248",774,0
"4249",774,0
"4250",774,0
"4251",774,1
"4252",775,1
"4253",775,0
"4254",775,1
"4255",775,0
"4256",775,1
"4257",775,0
"4258",775,1
"4259",775,1
"4260",776,1
"4261",776,1
"4262",776,1
"4263",776,0
"4264",777,0
"4265",777,0
"4266",777,0
"4267",777,1
"4268",777,1
"4269",777,0
"4270",777,1
"4271",777,0
"4272",777,1
"4273",778,1
"4274",778,0
"4275",778,0
"4276",778,0
"4277",779,1
"4278",779,1
"4279",779,0
"4280",779,1
"4281",779,1
"4282",779,0
"4283",779,0
"4284",779,0
"4285",779,1
"4286",779,0
"4287",780,0
"4288",780,0
"4289",780,1
"4290",780,1
"4291",780,0
"4292",780,1
"4293",780,1
"4294",780,1
"4295",780,0
"4296",781,1
"4297",781,1
"4298",781,0
"4299",781,1
"4300",781,0
"4301",781,1
"4302",781,0
"4303",781,1
"4304",782,0
"4305",782,0
"4306",782,1
"4307",782,0
"4308",783,0
"4309",783,1
"4310",783,0
"4311",783,0
"4312",784,0
"4313",784,1
"4314",785,1
"4315",785,1
"4316",785,1
"4317",785,0
"4318",785,0
"4319",786,0
"4320",786,1
"4321",786,1
"4322",786,0
"4323",786,0
"4324",786,1
"4325",786,0
"4326",786,0
"4327",786,0
"4328",787,0
"4329",788,0
"4330",788,1
"4331",789,1
"4332",789,1
"4333",789,0
"4334",789,0
"4335",789,1
"4336",789,0
"4337",790,1
"4338",790,1
"4339",790,1
"4340",790,1
"4341",790,0
"4342",791,0
"4343",791,1
"4344",792,1
"4345",793,0
"4346",793,0
"4347",794,0
"4348",794,0
"4349",794,1
"4350",794,0
"4351",795,0
"4352",795,0
"4353",795,0
"4354",796,0
"4355",796,1
"4356",796,1
"4357",796,0
"4358",796,0
"4359",797,1
"4360",797,1
"4361",798,1
"4362",798,1
"4363",798,0
"4364",799,0
"4365",800,1
"4366",800,0
"4367",800,1
"4368",800,1
"4369",800,1
"4370",800,1
"4371",800,0
"4372",801,0
"4373",801,1
"4374",801,1
"4375",801,0
"4376",801,1
"4377",801,0
"4378",801,1
"4379",802,0
"4380",802,1
"4381",802,1
"4382",802,0
"4383",802,0
"4384",803,1
"4385",804,0
"4386",804,1
"4387",804,1
"4388",804,0
"4389",804,1
"4390",805,0
"4391",805,1
"4392",805,1
"4393",805,1
"4394",805,1
"4395",805,1
"4396",806,1
"4397",806,0
"4398",806,0
"4399",806,0
"4400",807,0
"4401",807,1
"4402",807,0
"4403",807,0
"4404",807,0
"4405",807,0
"4406",807,1
"4407",808,0
"4408",808,1
"4409",808,0
"4410",809,1
"4411",809,1
"4412",809,1
"4413",809,0
"4414",809,1
"4415",809,0
"4416",809,0
"4417",809,1
"4418",809,1
"4419",810,0
"4420",810,1
"4421",810,0
"4422",810,1
"4423",811,0
"4424",812,1
"4425",813,1
"4426",813,0
"4427",813,1
"4428",813,0
"4429",813,1
"4430",813,1
"4431",813,1
"4432",813,0
"4433",814,0
"4434",814,1
"4435",814,1
"4436",814,1
"4437",815,0
"4438",815,1
"4439",815,1
"4440",816,0
"4441",816,1
"4442",816,0
"4443",816,1
"4444",817,0
"4445",818,0
"4446",818,1
"4447",818,0
"4448",818,0
"4449",818,1
"4450",818,1
"4451",819,0
"4452",819,1
"4453",819,0
"4454",819,1
"4455",819,1
"4456",819,0
"4457",819,0
"4458",820,1
"4459",820,1
"4460",820,1
"4461",820,1
"4462",820,1
"4463",820,1
"4464",820,1
"4465",821,1
"4466",821,1
"4467",821,0
"4468",821,1
"4469",822,1
"4470",822,1
"4471",822,1
"4472",822,1
"4473",822,0
"4474",822,1
"4475",822,0
"4476",822,1
"4477",822,0
"4478",823,1
"4479",824,1
"4480",825,0
"4481",825,1
"4482",825,1
"4483",825,1
"4484",825,0
"4485",826,1
"4486",826,0
"4487",826,1
"4488",826,0
"4489",826,1
"4490",826,1
"4491",826,0
"4492",826,1
"4493",827,0
"4494",828,0
"4495",828,0
"4496",828,1
"4497",828,0
"4498",828,0
"4499",828,0
"4500",829,1
"4501",829,0
"4502",829,1
"4503",829,0
"4504",829,0
"4505",829,1
"4506",829,0
