"","Session","Date","Seed","Added"
"1",1,"2021-10-31 20:28:51",12,2
"2",2,"2021-10-31 20:29:01",27,5
"3",3,"2021-10-31 19:36:19",22,6
"4",4,"2021-11-01 08:22:40",24,7
"5",5,"2021-11-02 08:21:48",12,2
"6",6,"2021-11-03 08:22:12",24,7
"7",7,"2021-11-04 08:21:47",37,6
"8",8,"2021-11-05 08:21:34",3,5
"9",9,"2021-11-06 08:22:10",82,1
"10",10,"2021-11-07 08:21:14",70,3
"11",11,"2021-11-08 08:22:23",1636359743.12472,6
"12",12,"2021-11-09 08:22:53",1636446173.4309,3
"13",13,"2021-11-10 08:25:54",1636532754.27129,8
"14",14,"2021-11-11 08:22:58",1636618978.40065,3
"15",15,"2021-11-12 08:23:14",1636705394.48513,1
"16",16,"2021-11-13 08:21:30",1636791690.47305,3
"17",17,"2021-11-14 08:22:39",1636878159.93657,3
"18",18,"2021-11-15 08:22:32",1636964552.67364,10
"19",19,"2021-11-16 08:22:08",1637050928.17373,7
"20",20,"2021-11-17 08:22:14",1637137334.87875,9
"21",21,"2021-11-18 08:21:57",1637223717.35877,2
"22",22,"2021-11-19 08:23:53",1637310233.51658,9
"23",23,"2021-11-20 08:21:32",1637396492.2201,8
"24",24,"2021-11-21 08:21:36",1637482896.93741,4
"25",25,"2021-11-22 08:22:22",1637569342.93218,7
"26",26,"2021-11-23 08:22:01",1637655721.25434,3
"27",27,"2021-11-24 08:22:45",1637742165.05726,5
"28",28,"2021-11-25 08:22:28",1637828548.28578,10
"29",29,"2021-11-26 08:22:24",1637914944.63858,9
"30",30,"2021-11-27 08:22:01",1638001321.63248,6
"31",31,"2021-11-28 08:22:39",1638087759.03154,10
"32",32,"2021-11-29 08:23:28",1638174208.67661,2
"33",33,"2021-11-30 08:19:16",1638260356.61978,1
"34",34,"2021-12-01 08:21:54",1638346914.01439,7
"35",35,"2021-12-02 08:24:08",1638433448.73507,4
"36",36,"2021-12-03 08:22:32",1638519752.0571,2
"37",37,"2021-12-04 08:22:12",1638606132.18237,9
"38",38,"2021-12-05 08:22:00",1638692520.83153,5
"39",39,"2021-12-06 08:23:12",1638778992.71203,8
"40",40,"2021-12-07 08:24:58",1638865498.53555,1
"41",41,"2021-12-08 08:24:18",1638951858.26537,1
"42",42,"2021-12-09 08:23:13",1639038193.31713,3
"43",43,"2021-12-10 08:22:44",1639124564.05306,10
"44",44,"2021-12-11 08:21:55",1639210915.14637,9
"45",45,"2021-12-12 08:22:13",1639297333.92871,9
"46",46,"2021-12-13 08:22:22",1639383742.50133,6
"47",47,"2021-12-14 08:23:27",1639470207.79719,6
"48",48,"2021-12-15 08:24:03",1639556643.11162,5
"49",49,"2021-12-16 08:23:47",1639643027.99795,6
"50",50,"2021-12-17 08:23:55",1639729435.02033,6
"51",51,"2021-12-18 08:23:18",1639815798.13726,3
"52",52,"2021-12-19 08:22:40",1639902160.09779,8
"53",53,"2021-12-20 08:24:36",1639988676.07442,2
"54",54,"2021-12-21 08:23:44",1640075024.19557,7
"55",55,"2021-12-22 08:24:35",1640161475.6135,9
"56",56,"2021-12-23 08:24:01",1640247841.38576,4
"57",57,"2021-12-24 08:23:48",1640334228.1358,10
"58",58,"2021-12-25 08:23:52",1640420632.01897,4
"59",59,"2021-12-26 08:22:25",1640506945.0002,7
"60",60,"2021-12-27 08:25:30",1640593530.55593,5
"61",61,"2021-12-28 08:23:47",1640679827.98776,4
"62",62,"2021-12-29 08:23:04",1640766184.94365,10
"63",63,"2021-12-30 08:23:32",1640852612.99956,9
"64",64,"2021-12-31 08:23:54",1640939034.73282,8
"65",65,"2022-01-01 08:22:46",1641025366.98301,8
"66",66,"2022-01-02 08:22:29",1641111749.34908,6
"67",67,"2022-01-03 08:23:31",1641198211.35501,8
"68",68,"2022-01-04 08:24:36",1641284676.96829,3
"69",69,"2022-01-05 08:23:02",1641370982.64134,1
"70",70,"2022-01-06 08:25:20",1641457520.68981,7
"71",71,"2022-01-07 08:23:44",1641543824.0564,10
"72",72,"2022-01-08 08:23:46",1641630226.42776,7
"73",73,"2022-01-09 08:22:54",1641716574.05154,5
"74",74,"2022-01-10 08:24:07",1641803047.32777,2
"75",75,"2022-01-11 08:25:23",1641889523.03925,1
"76",76,"2022-01-12 08:23:36",1641975816.33378,6
"77",77,"2022-01-13 08:25:20",1642062320.08261,6
"78",78,"2022-01-14 08:23:27",1642148607.68502,1
"79",79,"2022-01-15 08:24:27",1642235067.10971,9
"80",80,"2022-01-16 08:22:56",1642321376.90125,5
"81",81,"2022-01-17 08:24:17",1642407857.22759,1
"82",82,"2022-01-18 08:24:10",1642494250.58506,1
"83",83,"2022-01-19 08:21:37",1642580497.47778,3
"84",84,"2022-01-20 08:21:34",1642666894.15482,4
"85",85,"2022-01-21 08:22:21",1642753341.36158,8
"86",86,"2022-01-22 08:20:38",1642839638.17224,9
"87",87,"2022-01-23 08:20:39",1642926039.91769,8
"88",88,"2022-01-24 08:23:42",1643012622.9705,10
"89",89,"2022-01-25 08:22:54",1643098974.96607,1
"90",90,"2022-01-26 08:23:26",1643185406.04601,10
"91",91,"2022-01-27 08:22:10",1643271730.93642,3
"92",92,"2022-01-28 08:21:39",1643358099.73443,6
"93",93,"2022-01-29 08:24:11",1643444651.95873,5
"94",94,"2022-01-30 08:20:42",1643530842.32092,2
"95",95,"2022-01-31 08:22:09",1643617329.38373,9
"96",96,"2022-02-01 08:22:43",1643703763.40096,2
"97",97,"2022-02-02 08:21:49",1643790109.12636,8
"98",98,"2022-02-03 08:22:02",1643876522.79251,1
"99",99,"2022-02-04 08:18:52",1643962732.49725,9
"100",100,"2022-02-05 08:18:25",1644049105.54289,9
"101",101,"2022-02-06 08:20:40",1644135640.90961,3
"102",102,"2022-02-07 08:21:54",1644222114.60679,9
"103",103,"2022-02-08 08:21:37",1644308497.17822,3
"104",104,"2022-02-09 08:22:11",1644394931.97734,9
"105",105,"2022-02-10 08:21:59",1644481319.55342,3
"106",106,"2022-02-11 08:21:21",1644567681.54699,3
"107",107,"2022-02-12 08:21:05",1644654065.68591,9
"108",108,"2022-02-13 08:21:56",1644740516.98674,6
"109",109,"2022-02-14 08:22:10",1644826930.86688,7
"110",110,"2022-02-15 08:21:43",1644913303.27933,10
"111",111,"2022-02-16 08:21:15",1644999675.08453,7
"112",112,"2022-02-17 08:20:45",1645086045.65079,4
"113",113,"2022-02-18 08:22:37",1645172557.79676,1
"114",114,"2022-02-19 08:23:08",1645258988.50354,9
"115",115,"2022-02-21 08:22:50",1645431770.25615,3
"116",116,"2022-02-22 08:24:24",1645518264.88502,2
"117",117,"2022-02-23 08:21:44",1645604504.16923,9
"118",118,"2022-02-24 08:22:03",1645690923.04904,9
"119",119,"2022-02-25 08:23:09",1645777389.59355,10
"120",120,"2022-02-26 08:21:48",1645863708.85554,7
"121",121,"2022-02-27 08:23:32",1645950212.11242,10
"122",122,"2022-02-28 08:24:03",1646036643.83805,6
"123",123,"2022-03-01 08:23:14",1646122994.70433,2
"124",124,"2022-03-02 08:24:04",1646209444.20063,4
"125",125,"2022-03-03 08:22:32",1646295752.45156,7
"126",126,"2022-03-04 08:22:56",1646382176.16236,4
"127",127,"2022-03-05 08:22:15",1646468535.15308,9
"128",128,"2022-03-06 08:22:46",1646554966.56183,10
"129",129,"2022-03-07 08:24:05",1646641445.31652,10
"130",130,"2022-03-08 08:23:06",1646727786.3599,10
"131",131,"2022-03-09 08:25:44",1646814344.7908,9
"132",132,"2022-03-10 08:23:19",1646900599.93937,8
"133",133,"2022-03-11 08:23:01",1646986981.25549,5
"134",134,"2022-03-12 08:21:48",1647073308.96269,10
"135",135,"2022-03-13 08:23:03",1647159783.89823,9
"136",136,"2022-03-14 08:25:09",1647246309.5341,2
"137",137,"2022-03-15 08:24:49",1647332689.01125,2
"138",138,"2022-03-16 08:23:45",1647419025.8065,6
"139",139,"2022-03-17 08:22:56",1647505376.34209,3
"140",140,"2022-03-18 08:24:45",1647591885.70833,6
"141",141,"2022-03-19 08:21:57",1647678117.11577,2
"142",142,"2022-03-20 08:22:57",1647764577.7506,9
"143",143,"2022-03-21 08:25:50",1647851150.04736,8
"144",144,"2022-03-22 08:24:06",1647937446.62492,4
"145",145,"2022-03-23 08:26:38",1648023998.30336,9
"146",146,"2022-03-24 08:23:17",1648110197.75949,10
"147",147,"2022-03-25 08:24:46",1648196686.60233,10
"148",148,"2022-03-26 08:24:48",1648283088.911,6
"149",149,"2022-03-27 08:23:56",1648369436.35312,7
"150",150,"2022-03-28 08:26:57",1648456017.14055,10
"151",151,"2022-03-29 08:23:54",1648542234.97147,3
"152",152,"2022-03-30 08:24:45",1648628685.55198,2
"153",153,"2022-03-31 08:22:54",1648714974.25593,2
"154",154,"2022-04-01 08:25:25",1648801525.39477,7
"155",155,"2022-04-02 08:23:25",1648887805.75857,5
"156",156,"2022-04-03 08:23:46",1648974226.80754,6
"157",157,"2022-04-04 08:25:52",1649060752.22672,1
"158",158,"2022-04-05 08:25:49",1649147149.13141,6
"159",159,"2022-04-06 08:25:13",1649233513.90775,2
"160",160,"2022-04-07 08:25:02",1649319902.66471,3
"161",161,"2022-04-08 08:23:34",1649406214.52248,1
"162",162,"2022-04-09 08:24:05",1649492645.20935,10
"163",163,"2022-04-10 08:24:13",1649579053.61972,7
"164",164,"2022-04-11 08:24:47",1649665487.74517,2
"165",165,"2022-04-12 08:24:58",1649751898.79786,4
"166",166,"2022-04-13 08:25:07",1649838307.03355,4
"167",167,"2022-04-14 08:25:15",1649924715.47641,5
"168",168,"2022-04-15 08:24:32",1650011072.25454,4
"169",169,"2022-04-16 08:25:10",1650097510.50588,10
"170",170,"2022-04-17 08:24:32",1650183872.96327,5
"171",171,"2022-04-18 08:25:48",1650270348.89775,8
"172",172,"2022-04-19 08:24:33",1650356673.23604,8
"173",173,"2022-04-20 08:27:41",1650443261.88297,6
"174",174,"2022-04-21 08:26:21",1650529581.55349,1
"175",175,"2022-04-23 08:23:07",1650702187.02957,3
"176",176,"2022-04-24 08:23:57",1650788637.09938,7
"177",177,"2022-04-25 08:28:26",1650875306.34513,4
"178",178,"2022-04-26 08:25:10",1650961510.36436,2
"179",179,"2022-04-27 08:24:36",1651047876.44697,5
"180",180,"2022-04-28 08:25:16",1651134316.74722,3
"181",181,"2022-04-29 08:26:27",1651220787.77485,9
"182",182,"2022-04-30 08:25:07",1651307107.58833,9
"183",183,"2022-05-01 08:25:08",1651393508.28508,9
"184",184,"2022-05-02 08:26:16",1651479976.71068,9
"185",185,"2022-05-03 08:24:58",1651566298.93356,3
"186",186,"2022-05-04 08:26:42",1651652802.52175,2
"187",187,"2022-05-05 08:27:03",1651739223.18987,2
"188",188,"2022-05-06 08:25:43",1651825543.24753,1
"189",189,"2022-05-07 08:27:10",1651912030.66198,2
"190",190,"2022-05-08 08:24:38",1651998278.77157,8
"191",191,"2022-05-09 08:26:46",1652084806.48151,1
"192",192,"2022-05-10 08:26:25",1652171185.87003,6
"193",193,"2022-05-11 08:29:04",1652257744.44588,6
"194",194,"2022-05-12 08:27:02",1652344022.37725,8
"195",195,"2022-05-13 08:26:13",1652430373.81515,4
"196",196,"2022-05-14 08:24:43",1652516683.81087,9
"197",197,"2022-05-15 08:25:59",1652603159.33631,5
"198",198,"2022-05-16 08:29:14",1652689754.41615,5
"199",199,"2022-05-17 08:26:58",1652776018.44651,4
"200",200,"2022-05-18 08:25:30",1652862330.96481,2
"201",201,"2022-05-19 08:27:54",1652948874.91795,5
"202",202,"2022-05-20 08:25:50",1653035150.71062,4
"203",203,"2022-05-21 08:26:11",1653121571.77518,5
"204",204,"2022-05-22 08:24:08",1653207848.54671,1
"205",205,"2022-05-23 08:26:01",1653294361.23069,5
"206",206,"2022-05-24 08:26:20",1653380780.0407,10
"207",207,"2022-05-25 08:27:21",1653467241.06188,6
"208",208,"2022-05-26 08:27:37",1653553657.23029,8
"209",209,"2022-05-27 08:26:50",1653640010.36281,4
"210",210,"2022-05-28 08:27:15",1653726435.42797,8
"211",211,"2022-05-29 08:25:52",1653812752.86332,9
"212",212,"2022-05-30 08:27:53",1653899273.60627,7
"213",213,"2022-05-31 08:30:20",1653985820.97658,7
"214",214,"2022-06-01 08:30:35",1654072235.32098,4
"215",215,"2022-06-02 08:27:41",1654158461.29092,8
"216",216,"2022-06-03 08:25:20",1654244720.07204,2
"217",217,"2022-06-04 08:22:52",1654330972.19387,6
"218",218,"2022-06-05 08:23:25",1654417405.69254,8
"219",219,"2022-06-06 08:23:10",1654503790.89145,5
"220",220,"2022-06-07 08:30:17",1654590617.82851,8
"221",221,"2022-06-08 08:28:09",1654676889.17097,5
"222",222,"2022-06-09 08:32:07",1654763527.05893,9
"223",223,"2022-06-10 08:24:35",1654849475.84558,1
"224",224,"2022-06-11 08:23:28",1654935808.77216,5
"225",225,"2022-06-12 08:23:13",1655022193.61792,1
"226",226,"2022-06-13 08:25:04",1655108704.17131,5
"227",227,"2022-06-14 08:27:10",1655195230.44217,3
"228",228,"2022-06-15 08:27:15",1655281635.99417,1
"229",229,"2022-06-16 08:30:06",1655368206.28863,10
"230",230,"2022-06-17 08:28:14",1655454494.98146,6
"231",231,"2022-06-18 08:24:08",1655540648.8082,5
"232",232,"2022-06-19 08:22:28",1655626948.041,5
"233",233,"2022-06-20 08:27:32",1655713652.52136,4
"234",234,"2022-06-21 08:31:02",1655800262.01134,9
"235",235,"2022-06-22 08:29:11",1655886551.55428,6
"236",236,"2022-06-23 08:27:39",1655972859.69538,4
"237",237,"2022-06-24 08:25:23",1656059123.26086,3
"238",238,"2022-06-25 08:23:40",1656145420.66497,5
"239",239,"2022-06-26 08:23:09",1656231789.13624,8
"240",240,"2022-06-27 08:28:24",1656318504.11657,2
"241",241,"2022-06-28 08:27:36",1656404856.94881,1
"242",242,"2022-06-29 08:29:07",1656491347.84505,10
"243",243,"2022-06-30 08:27:34",1656577654.95505,8
"244",244,"2022-07-01 08:26:17",1656663977.64928,6
"245",245,"2022-07-02 08:23:17",1656750197.72746,5
"246",246,"2022-07-03 08:22:46",1656836566.56778,3
"247",247,"2022-07-04 08:24:36",1656923076.12861,1
"248",248,"2022-07-05 08:26:01",1657009561.57157,7
"249",249,"2022-07-06 08:25:13",1657095913.01912,10
"250",250,"2022-07-07 08:26:56",1657182416.44227,3
"251",251,"2022-07-08 08:27:24",1657268844.71989,7
"252",252,"2022-07-09 08:23:26",1657355006.15353,1
"253",253,"2022-07-10 08:24:02",1657441442.94389,5
"254",254,"2022-07-11 08:29:19",1657528159.62716,2
"255",255,"2022-07-12 08:26:57",1657614417.69979,5
"256",256,"2022-07-13 08:26:37",1657700797.74861,2
"257",257,"2022-07-14 08:27:05",1657787225.43048,9
"258",258,"2022-07-15 08:25:48",1657873548.123,1
"259",259,"2022-07-16 08:25:54",1657959954.43375,1
"260",260,"2022-07-17 08:23:17",1658046197.27897,6
"261",261,"2022-07-18 08:27:12",1658132832.63403,4
"262",262,"2022-07-19 08:24:55",1658219095.76986,3
"263",263,"2022-07-20 08:29:29",1658305769.84644,6
"264",264,"2022-07-21 08:26:37",1658391997.85585,1
"265",265,"2022-07-22 08:29:12",1658478552.48007,7
"266",266,"2022-07-23 08:25:00",1658564700.20867,9
"267",267,"2022-07-24 08:24:33",1658651073.3465,6
"268",268,"2022-07-25 08:29:04",1658737744.01606,4
"269",269,"2022-07-26 08:25:04",1658823904.24265,9
"270",270,"2022-07-27 08:25:32",1658910332.20147,1
"271",271,"2022-07-29 08:25:18",1659083118.72809,7
"272",272,"2022-07-30 08:24:11",1659169451.79905,3
"273",273,"2022-07-31 08:23:15",1659255795.05958,2
"274",274,"2022-08-01 08:26:14",1659342374.42775,1
"275",275,"2022-08-02 08:26:36",1659428796.32031,8
"276",276,"2022-08-03 08:27:12",1659515232.41802,9
"277",277,"2022-08-04 08:29:24",1659601764.21429,7
"278",278,"2022-08-05 08:25:38",1659687938.78645,2
"279",279,"2022-08-06 08:24:43",1659774283.88496,8
"280",280,"2022-08-07 08:24:20",1659860660.78646,7
"281",281,"2022-08-08 08:28:23",1659947303.1033,1
"282",282,"2022-08-09 08:25:27",1660033527.73998,7
"283",283,"2022-08-10 08:24:34",1660119874.28355,8
"284",284,"2022-08-11 08:24:45",1660206285.65492,3
"285",285,"2022-08-12 08:25:18",1660292718.82182,7
"286",286,"2022-08-13 08:24:19",1660379059.47529,9
"287",287,"2022-08-14 08:24:47",1660465487.67336,1
"288",288,"2022-08-15 08:25:09",1660551909.67949,7
"289",289,"2022-08-16 08:21:55",1660638115.72263,2
"290",290,"2022-08-17 08:27:28",1660724848.96953,6
"291",291,"2022-08-18 08:26:09",1660811169.11335,8
"292",292,"2022-08-19 08:26:51",1660897611.59638,2
"293",293,"2022-08-20 08:25:25",1660983925.07048,6
"294",294,"2022-08-21 08:25:22",1661070322.8803,2
"295",295,"2022-08-22 08:27:27",1661156847.70042,7
"296",296,"2022-08-23 08:28:39",1661243319.67724,10
"297",297,"2022-08-24 08:26:40",1661329600.82916,1
"298",298,"2022-08-25 08:29:12",1661416152.52417,2
"299",299,"2022-08-26 08:26:19",1661502379.06029,3
"300",300,"2022-08-27 08:24:48",1661588688.39299,7
"301",301,"2022-08-28 08:25:48",1661675148.04989,4
"302",302,"2022-08-29 08:25:34",1661761534.87142,4
"303",303,"2022-08-30 08:28:19",1661848099.96448,10
"304",304,"2022-08-31 08:25:52",1661934352.8553,3
"305",305,"2022-09-01 08:28:34",1662020914.44706,7
"306",306,"2022-09-02 08:26:24",1662107184.87983,7
"307",307,"2022-09-03 08:24:52",1662193492.06746,6
"308",308,"2022-09-04 08:24:38",1662279878.44396,2
"309",309,"2022-09-05 08:25:14",1662366314.29294,7
"310",310,"2022-09-06 08:27:26",1662452846.52868,4
"311",311,"2022-09-07 08:30:44",1662539444.24021,5
"312",312,"2022-09-08 08:27:48",1662625668.33779,7
"313",313,"2022-09-09 08:32:04",1662712324.11442,9
"314",314,"2022-09-10 08:26:52",1662798412.48669,3
"315",315,"2022-09-11 08:27:21",1662884841.03693,3
"316",316,"2022-09-12 08:29:14",1662971354.42946,6
"317",317,"2022-09-13 08:28:19",1663057699.0218,7
"318",318,"2022-09-14 08:28:24",1663144104.55995,1
"319",319,"2022-09-15 08:31:16",1663230676.13829,5
"320",320,"2022-09-16 08:28:58",1663316938.67918,9
"321",321,"2022-09-17 08:26:17",1663403177.83904,1
"322",322,"2022-09-18 08:25:48",1663489548.59245,10
"323",323,"2022-09-19 08:33:15",1663576395.34975,10
"324",324,"2022-09-20 08:31:23",1663662683.76837,4
"325",325,"2022-09-21 08:32:53",1663749173.18122,3
"326",326,"2022-09-22 08:32:15",1663835535.03914,3
"327",327,"2022-09-23 08:28:56",1663921736.1063,4
"328",328,"2022-09-24 08:29:03",1664008143.89542,8
"329",329,"2022-09-25 08:28:10",1664094490.64239,3
"330",330,"2022-09-26 08:32:28",1664181148.97937,2
"331",331,"2022-09-27 08:36:06",1664267766.51623,8
"332",332,"2022-09-28 08:34:12",1664354052.98374,1
"333",333,"2022-09-29 08:32:56",1664440376.45946,10
"334",334,"2022-09-30 08:36:43",1664527003.64697,6
"335",335,"2022-10-01 08:31:06",1664613066.82484,5
"336",336,"2022-10-02 08:30:43",1664699443.993,4
"337",337,"2022-10-03 08:31:08",1664785868.03093,6
"338",338,"2022-10-04 08:31:49",1664872309.81606,10
"339",339,"2022-10-05 08:30:51",1664958651.19426,4
"340",340,"2022-10-06 08:32:02",1665045122.62044,5
"341",341,"2022-10-07 08:29:27",1665131367.86491,5
"342",342,"2022-10-08 08:28:56",1665217736.44286,10
"343",343,"2022-10-09 08:29:47",1665304187.86893,6
"344",344,"2022-10-10 08:36:40",1665391000.97877,2
"345",345,"2022-10-11 08:33:10",1665477190.20462,8
"346",346,"2022-10-12 08:30:20",1665563420.97023,4
"347",347,"2022-10-13 08:31:51",1665649911.42853,3
"348",348,"2022-10-14 08:33:42",1665736422.35685,10
"349",349,"2022-10-15 08:31:30",1665822690.80787,10
"350",350,"2022-10-16 08:28:53",1665908933.76697,1
"351",351,"2022-10-17 08:39:30",1665995970.13259,2
"352",352,"2022-10-18 08:38:28",1666082308.45243,5
"353",353,"2022-10-19 08:41:00",1666168860.98555,1
"354",354,"2022-11-25 17:50:43",1669398643.24153,9
"355",355,"2022-11-26 08:22:42",1669450962.22712,2
"356",356,"2022-11-27 08:22:21",1669537341.57986,1
"357",357,"2022-11-28 08:24:06",1669623846.7123,8
"358",358,"2022-11-29 08:24:43",1669710283.17243,10
"359",359,"2022-11-30 08:24:07",1669796647.53853,10
"360",360,"2022-12-01 08:24:20",1669883060.36317,10
"361",361,"2022-12-02 08:22:21",1669969341.49806,5
"362",362,"2022-12-03 08:21:45",1670055705.2776,10
"363",363,"2022-12-04 08:21:37",1670142097.49787,9
"364",364,"2022-12-05 08:23:45",1670228625.96926,5
"365",365,"2022-12-06 08:24:09",1670315049.60426,10
"366",366,"2022-12-07 08:24:25",1670401465.5431,7
"367",367,"2022-12-08 08:22:57",1670487777.18883,4
"368",368,"2022-12-09 08:22:00",1670574120.90278,7
"369",369,"2022-12-10 08:21:50",1670660510.02683,5
"370",370,"2022-12-11 08:21:45",1670746905.53988,5
"371",371,"2022-12-12 08:23:12",1670833392.50167,5
"372",372,"2022-12-13 08:24:40",1670919880.88828,9
"373",373,"2022-12-14 08:24:06",1671006246.37694,6
"374",374,"2022-12-15 08:24:05",1671092645.98802,5
"375",375,"2022-12-16 08:21:00",1671178860.5064,5
"376",376,"2022-12-17 08:21:21",1671265281.03658,8
"377",377,"2022-12-18 08:20:02",1671351602.92017,3
"378",378,"2022-12-19 08:21:42",1671438102.63526,10
"379",379,"2022-12-20 08:21:47",1671524507.30349,7
"380",380,"2022-12-21 08:23:04",1671610984.27352,4
"381",381,"2022-12-22 08:21:59",1671697319.06294,7
"382",382,"2022-12-23 08:20:50",1671783650.29027,9
"383",383,"2022-12-24 08:19:54",1671869994.16311,7
"384",384,"2022-12-25 08:21:59",1671956519.44841,8
"385",385,"2022-12-26 08:21:48",1672042908.71295,1
"386",386,"2022-12-27 08:21:45",1672129305.40572,10
"387",387,"2022-12-28 08:20:52",1672215652.58463,8
"388",388,"2022-12-29 08:21:37",1672302097.00475,1
"389",389,"2022-12-30 08:21:20",1672388480.9655,3
"390",390,"2022-12-31 08:21:25",1672474885.46583,5
"391",391,"2023-01-01 08:20:38",1672561238.4473,8
"392",392,"2023-01-02 08:21:43",1672647703.93849,6
"393",393,"2023-01-03 08:23:01",1672734181.38711,2
"394",394,"2023-01-04 08:21:48",1672820508.41935,5
"395",395,"2023-01-05 08:21:41",1672906901.72998,8
"396",396,"2023-01-06 08:22:28",1672993348.72829,7
"397",397,"2023-01-07 08:20:43",1673079643.14816,9
"398",398,"2023-01-08 08:21:20",1673166080.84303,6
"399",399,"2023-01-09 08:23:23",1673252603.04597,7
"400",400,"2023-01-10 08:22:14",1673338934.1839,1
"401",401,"2023-01-11 08:22:36",1673425356.20446,2
"402",402,"2023-01-12 08:23:48",1673511828.87713,10
"403",403,"2023-01-14 08:20:16",1673684416.46744,5
"404",404,"2023-01-15 08:20:57",1673770857.69487,2
"405",405,"2023-01-16 08:23:50",1673857430.50482,2
"406",406,"2023-01-17 08:21:53",1673943713.8509,7
"407",407,"2023-01-18 08:23:02",1674030182.61879,3
"408",408,"2023-01-19 08:22:32",1674116552.34196,5
"409",409,"2023-01-20 08:22:22",1674202942.80438,8
"410",410,"2023-01-21 08:20:54",1674289254.07306,7
"411",411,"2023-01-22 08:20:32",1674375632.04572,10
"412",412,"2023-01-23 08:22:09",1674462129.53215,2
"413",413,"2023-01-24 08:21:13",1674548473.56535,7
"414",414,"2023-01-25 08:22:43",1674634963.73612,5
"415",415,"2023-01-26 08:19:59",1674721199.22501,5
"416",416,"2023-01-27 08:19:40",1674807580.74366,3
"417",417,"2023-01-28 08:19:12",1674893952.56396,5
"418",418,"2023-01-29 08:19:10",1674980350.0706,9
"419",419,"2023-01-30 08:20:59",1675066859.64854,9
"420",420,"2023-01-31 08:21:22",1675153282.13224,6
"421",421,"2023-02-01 08:20:26",1675239626.0422,10
"422",422,"2023-02-02 08:20:55",1675326055.43145,9
"423",423,"2023-02-03 08:20:56",1675412456.09303,3
"424",424,"2023-02-04 08:19:02",1675498742.17002,4
"425",425,"2023-02-05 08:20:03",1675585203.4806,4
"426",426,"2023-02-07 08:21:13",1675758073.01388,5
"427",427,"2023-02-08 08:21:27",1675844487.6849,8
"428",428,"2023-02-09 08:21:56",1675930916.52922,1
"429",429,"2023-02-10 08:21:39",1676017299.84701,9
"430",430,"2023-02-11 08:19:42",1676103582.21554,2
"431",431,"2023-02-12 08:21:21",1676190081.73238,5
"432",432,"2023-02-13 08:22:35",1676276555.78981,7
"433",433,"2023-02-14 08:22:07",1676362927.3265,2
"434",434,"2023-02-15 08:21:48",1676449308.88416,8
"435",435,"2023-02-16 08:22:33",1676535753.30453,10
"436",436,"2023-02-17 08:22:09",1676622129.56273,1
"437",437,"2023-02-18 08:20:11",1676708411.79361,6
"438",438,"2023-02-19 08:20:21",1676794821.71281,4
"439",439,"2023-02-20 08:22:55",1676881375.11364,3
"440",440,"2023-02-21 08:21:36",1676967696.34149,8
"441",441,"2023-02-22 08:21:53",1677054113.38355,6
"442",442,"2023-02-23 08:22:08",1677140528.51587,5
"443",443,"2023-02-24 08:21:41",1677226901.61991,8
"444",444,"2023-02-25 08:21:26",1677313286.01292,1
"445",445,"2023-02-26 08:20:17",1677399617.55159,4
"446",446,"2023-02-27 08:22:20",1677486140.0094,5
"447",447,"2023-02-28 08:23:19",1677572599.48614,9
"448",448,"2023-03-01 08:23:35",1677659015.05017,9
"449",449,"2023-03-02 08:23:20",1677745400.57341,2
"450",450,"2023-03-03 08:20:38",1677831638.9381,7
"451",451,"2023-03-04 08:21:27",1677918087.26043,6
"452",452,"2023-03-05 08:20:05",1678004405.41899,3
"453",453,"2023-03-06 08:22:32",1678090952.02927,6
"454",454,"2023-03-07 08:22:35",1678177355.68387,1
"455",455,"2023-03-08 08:23:29",1678263809.87535,8
"456",456,"2023-03-09 08:22:20",1678350140.96255,5
"457",457,"2023-03-10 08:21:36",1678436496.22423,1
"458",458,"2023-03-11 08:19:43",1678522783.31588,4
"459",459,"2023-03-12 08:19:29",1678609169.02071,7
"460",460,"2023-03-13 08:23:03",1678695783.95644,2
"461",461,"2023-03-14 08:23:39",1678782219.79525,8
"462",462,"2023-03-15 08:21:07",1678868467.59343,5
"463",463,"2023-03-16 08:22:28",1678954948.09063,9
"464",464,"2023-03-17 08:20:33",1679041233.79383,7
"465",465,"2023-03-18 08:20:35",1679127635.29473,1
"466",466,"2023-03-19 08:19:16",1679213956.63837,7
"467",467,"2023-03-20 08:22:45",1679300565.81515,10
"468",468,"2023-03-21 08:20:01",1679386801.12356,7
"469",469,"2023-03-22 08:20:52",1679473252.44292,1
"470",470,"2023-03-23 08:20:13",1679559613.08762,3
"471",471,"2023-03-24 08:18:45",1679645925.73658,3
"472",472,"2023-03-25 08:19:27",1679732367.52133,10
"473",473,"2023-03-26 08:18:03",1679818683.03326,4
"474",474,"2023-03-27 08:21:27",1679905287.3306,9
"475",475,"2023-03-28 08:21:37",1679991697.82006,2
"476",476,"2023-03-29 08:21:37",1680078097.1712,8
"477",477,"2023-03-30 08:22:32",1680164552.16333,8
"478",478,"2023-03-31 08:20:59",1680250859.8236,3
"479",479,"2023-04-01 08:18:21",1680337101.19483,8
"480",480,"2023-04-02 08:17:36",1680423456.05557,7
"481",481,"2023-04-03 08:20:17",1680510017.88951,7
"482",482,"2023-04-04 08:19:44",1680596384.0414,5
"483",483,"2023-04-05 08:22:07",1680682927.50289,8
"484",484,"2023-04-06 08:20:40",1680769240.33249,9
"485",485,"2023-04-07 08:18:25",1680855505.94876,4
"486",486,"2023-04-08 08:17:51",1680941871.68701,9
"487",487,"2023-04-09 08:17:36",1681028256.01343,4
"488",488,"2023-04-10 08:19:02",1681114742.25247,9
"489",489,"2023-04-11 08:20:11",1681201211.77984,10
"490",490,"2023-04-12 08:20:09",1681287609.25506,8
"491",491,"2023-04-13 08:19:25",1681373965.43452,6
"492",492,"2023-04-14 08:18:56",1681460336.57808,6
"493",493,"2023-04-15 08:18:23",1681546703.8918,1
"494",494,"2023-04-16 08:18:14",1681633094.49208,9
"495",495,"2023-04-17 08:20:09",1681719609.74854,9
"496",496,"2023-04-18 08:19:51",1681805991.12641,6
"497",497,"2023-04-19 08:26:26",1681892786.45099,3
"498",498,"2023-04-20 08:19:14",1681978754.43728,4
"499",499,"2023-04-21 08:19:29",1682065169.94154,9
"500",500,"2023-04-22 08:18:01",1682151481.19524,8
"501",501,"2023-04-23 08:20:32",1682238032.96101,6
"502",502,"2023-04-24 08:20:59",1682324459.15671,2
"503",503,"2023-04-25 08:19:40",1682410780.32054,3
"504",504,"2023-04-26 08:23:26",1682497406.2669,3
"505",505,"2023-04-27 08:19:42",1682583582.63283,6
"506",506,"2023-04-28 08:19:22",1682669962.32454,2
"507",507,"2023-04-29 08:17:19",1682756239.84554,6
"508",508,"2023-04-30 08:19:48",1682842788.16388,5
"509",509,"2023-05-01 08:19:53",1682929193.07631,3
"510",510,"2023-05-02 08:18:11",1683015491.83345,5
"511",511,"2023-05-03 08:18:15",1683101895.33267,4
"512",512,"2023-05-04 08:19:32",1683188372.39939,8
"513",513,"2023-05-05 08:18:02",1683274682.75601,7
"514",514,"2023-05-06 08:16:57",1683361017.89488,2
"515",515,"2023-05-07 08:17:17",1683447437.27147,9
"516",516,"2023-05-08 08:19:17",1683533957.94207,8
"517",517,"2023-05-09 08:19:08",1683620348.45605,8
"518",518,"2023-05-10 08:19:36",1683706776.55617,9
"519",519,"2023-05-11 08:18:46",1683793126.08168,7
"520",520,"2023-05-12 08:17:43",1683879463.5452,2
"521",521,"2023-05-13 08:19:03",1683965943.14654,3
"522",522,"2023-05-14 08:17:28",1684052248.41972,3
"523",523,"2023-05-15 08:18:46",1684138726.37464,6
"524",524,"2023-05-16 08:21:06",1684225266.59462,4
"525",525,"2023-05-17 08:19:40",1684311580.30851,1
"526",526,"2023-05-18 08:18:57",1684397937.56346,10
"527",527,"2023-05-19 08:18:30",1684484310.40352,5
"528",528,"2023-05-20 08:17:07",1684570627.37144,10
"529",529,"2023-05-21 08:17:31",1684657051.59122,6
"530",530,"2023-05-22 08:19:05",1684743545.73576,3
"531",531,"2023-05-23 08:20:25",1684830025.51608,10
"532",532,"2023-05-24 08:19:57",1684916397.96285,2
"533",533,"2023-05-25 08:18:52",1685002732.77239,4
"534",534,"2023-05-26 08:19:47",1685089187.68266,2
"535",535,"2023-05-27 08:17:14",1685175434.48351,9
"536",536,"2023-05-28 08:18:17",1685261897.85482,9
"537",537,"2023-05-29 08:19:41",1685348381.66366,2
"538",538,"2023-05-30 08:19:53",1685434793.70123,3
"539",539,"2023-05-31 08:19:35",1685521175.50493,5
"540",540,"2023-06-01 08:19:08",1685607548.23056,9
"541",541,"2023-06-02 08:19:42",1685693982.89665,9
"542",542,"2023-06-03 08:19:08",1685780348.40831,3
"543",543,"2023-06-04 08:17:24",1685866644.10292,10
"544",544,"2023-06-05 08:19:09",1685953149.95195,4
"545",545,"2023-06-06 08:18:10",1686039490.0266,3
"546",546,"2023-06-07 08:19:43",1686125983.11051,7
"547",547,"2023-06-08 08:18:32",1686212312.51484,7
"548",548,"2023-06-09 08:18:05",1686298685.02732,7
"549",549,"2023-06-10 08:17:40",1686385060.7959,3
"550",550,"2023-06-11 08:17:23",1686471443.33189,2
"551",551,"2023-06-12 08:19:41",1686557981.22826,8
"552",552,"2023-06-13 08:21:23",1686644483.5515,8
"553",553,"2023-06-14 08:18:12",1686730692.19861,10
"554",554,"2023-06-15 08:19:16",1686817156.48426,1
"555",555,"2023-06-16 08:18:17",1686903497.07393,5
"556",556,"2023-06-17 08:17:55",1686989875.33464,9
"557",557,"2023-06-18 08:18:30",1687076310.14262,5
"558",558,"2023-06-19 08:20:06",1687162806.61832,1
"559",559,"2023-06-20 08:19:19",1687249159.03362,9
"560",560,"2023-06-21 08:18:37",1687335517.01176,2
"561",561,"2023-06-22 08:19:01",1687421941.36522,8
"562",562,"2023-06-23 08:21:22",1687508482.05116,7
"563",563,"2023-06-24 08:19:33",1687594773.53259,7
"564",564,"2023-06-25 08:19:49",1687681189.02678,8
"565",565,"2023-06-26 08:26:55",1687768015.13727,5
"566",566,"2023-06-27 08:22:22",1687854142.4476,2
"567",567,"2023-06-28 08:22:27",1687940547.97117,4
"568",568,"2023-06-29 08:25:45",1688027145.92402,1
"569",569,"2023-06-30 08:21:05",1688113265.85345,10
"570",570,"2023-07-01 08:19:18",1688199558.61512,7
"571",571,"2023-07-02 08:20:33",1688286033.57693,2
"572",572,"2023-07-03 08:21:12",1688372472.5378,10
"573",573,"2023-07-04 08:21:40",1688458900.89244,4
"574",574,"2023-07-05 08:22:07",1688545327.70703,5
"575",575,"2023-07-06 08:23:11",1688631791.88371,1
"576",576,"2023-07-07 08:21:37",1688718097.75922,8
"577",577,"2023-07-08 08:20:30",1688804430.71917,10
"578",578,"2023-07-09 08:19:09",1688890749.22351,3
"579",579,"2023-07-10 08:23:32",1688977412.93478,1
"580",580,"2023-07-11 08:21:17",1689063677.79868,8
"581",581,"2023-07-12 08:21:06",1689150066.7372,1
"582",582,"2023-07-13 08:21:17",1689236477.34062,8
"583",583,"2023-07-14 08:20:30",1689322830.50177,6
"584",584,"2023-07-15 08:19:20",1689409160.63534,6
"585",585,"2023-07-17 08:21:46",1689582106.05582,8
"586",586,"2023-07-18 08:20:13",1689668413.84187,2
"587",587,"2023-07-19 08:19:32",1689754772.19479,1
"588",588,"2023-07-20 08:19:24",1689841164.629,5
"589",589,"2023-07-21 08:19:15",1689927555.35177,3
"590",590,"2023-07-22 08:17:27",1690013847.13379,4
"591",591,"2023-07-23 08:18:20",1690100300.75968,3
"592",592,"2023-07-24 08:20:06",1690186806.23828,4
"593",593,"2023-07-25 08:19:51",1690273191.35328,2
"594",594,"2023-07-26 08:19:47",1690359587.20181,7
"595",595,"2023-07-27 08:18:26",1690445906.11648,4
"596",596,"2023-07-28 08:19:14",1690532354.13026,6
"597",597,"2023-07-29 08:17:18",1690618638.88281,7
"598",598,"2023-07-30 08:17:31",1690705051.93409,9
"599",599,"2023-07-31 08:20:55",1690791655.88846,9
"600",600,"2023-08-01 08:19:49",1690877989.01798,7
"601",601,"2023-08-02 08:19:06",1690964346.83797,2
"602",602,"2023-08-03 08:18:08",1691050688.55564,2
"603",603,"2023-08-04 08:19:03",1691137143.12938,5
"604",604,"2023-08-05 08:17:48",1691223468.64883,5
"605",605,"2023-08-06 08:16:34",1691309794.8278,1
"606",606,"2023-08-07 08:19:04",1691396344.81157,3
"607",607,"2023-08-08 08:20:02",1691482802.90369,6
"608",608,"2023-08-09 08:19:16",1691569156.05567,8
"609",609,"2023-08-10 08:19:41",1691655581.13603,8
"610",610,"2023-08-11 08:17:22",1691741842.75138,3
"611",611,"2023-08-12 08:16:40",1691828200.53738,4
"612",612,"2023-08-13 08:16:58",1691914618.68498,2
"613",613,"2023-08-14 08:18:24",1692001104.63939,4
"614",614,"2023-08-15 08:17:41",1692087461.91192,5
"615",615,"2023-08-16 08:17:37",1692173857.81998,2
"616",616,"2023-08-17 08:18:13",1692260293.53058,9
"617",617,"2023-08-18 08:18:06",1692346686.39311,7
"618",618,"2023-08-19 08:19:39",1692433179.18093,10
"619",619,"2023-08-20 08:17:26",1692519446.20095,10
"620",620,"2023-08-21 08:18:56",1692605936.45494,9
"621",621,"2023-08-22 08:18:53",1692692333.62968,5
"622",622,"2023-08-23 08:18:18",1692778698.95563,9
"623",623,"2023-08-24 08:19:01",1692865141.86809,2
"624",624,"2023-08-25 08:17:55",1692951475.39407,4
"625",625,"2023-08-26 08:17:25",1693037845.85866,9
"626",626,"2023-08-27 08:17:30",1693124250.69557,5
"627",627,"2023-08-28 08:19:12",1693210752.58127,2
"628",628,"2023-08-29 08:19:41",1693297181.60705,4
"629",629,"2023-08-30 08:18:34",1693383514.93721,6
"630",630,"2023-08-31 08:19:13",1693469953.84035,6
"631",631,"2023-09-01 08:19:20",1693556360.0827,1
"632",632,"2023-09-02 08:17:14",1693642634.13953,5
"633",633,"2023-09-03 08:16:35",1693728995.41803,9
"634",634,"2023-09-04 08:19:09",1693815549.2043,8
"635",635,"2023-09-05 08:18:36",1693901916.47073,1
"636",636,"2023-09-06 08:18:46",1693988326.17558,1
"637",637,"2023-09-07 08:18:47",1694074727.78394,8
"638",638,"2023-09-08 08:17:58",1694161078.13241,6
"639",639,"2023-09-09 08:16:17",1694247377.19599,5
"640",640,"2023-09-10 08:16:44",1694333804.63517,4
"641",641,"2023-09-11 08:19:11",1694420351.86323,9
"642",642,"2023-09-12 08:18:45",1694506725.28658,3
"643",643,"2023-09-13 08:18:47",1694593127.1929,2
"644",644,"2023-09-14 08:19:51",1694679591.64382,6
"645",645,"2023-09-15 08:18:42",1694765922.59085,5
"646",646,"2023-09-16 08:17:43",1694852263.74044,3
"647",647,"2023-09-17 08:18:12",1694938692.06119,6
"648",648,"2023-09-18 08:19:08",1695025148.92732,7
"649",649,"2023-09-19 08:19:45",1695111585.94563,5
"650",650,"2023-09-20 08:18:47",1695197927.63416,8
"651",651,"2023-09-21 08:18:43",1695284323.82419,2
"652",652,"2023-09-22 08:19:39",1695370779.68045,1
"653",653,"2023-09-23 08:16:45",1695457005.02564,3
"654",654,"2023-09-24 08:17:04",1695543424.60283,8
"655",655,"2023-09-25 08:20:55",1695630055.66798,8
"656",656,"2023-09-26 08:20:01",1695716401.9935,2
"657",657,"2023-09-27 08:19:23",1695802763.79661,3
"658",658,"2023-09-28 08:18:53",1695889133.48759,6
"659",659,"2023-09-29 08:19:58",1695975598.9995,5
"660",660,"2023-09-30 08:17:36",1696061856.23074,3
"661",661,"2023-10-01 08:17:46",1696148266.85714,6
"662",662,"2023-10-02 08:19:03",1696234743.06431,6
"663",663,"2023-10-03 08:19:11",1696321151.18469,8
"664",664,"2023-10-04 08:19:46",1696407586.42642,10
"665",665,"2023-10-05 08:21:35",1696494095.62776,1
"666",666,"2023-10-06 08:19:02",1696580342.22308,4
"667",667,"2023-10-07 08:17:10",1696666630.86164,4
"668",668,"2023-10-08 08:17:21",1696753041.45676,10
"669",669,"2023-10-09 08:20:37",1696839637.13049,5
"670",670,"2023-10-10 08:20:34",1696926034.89508,10
"671",671,"2023-10-11 08:18:55",1697012335.12355,1
"672",672,"2023-10-12 08:18:48",1697098728.02342,2
"673",673,"2023-10-13 08:20:26",1697185226.07175,7
"674",674,"2023-10-14 08:17:10",1697271430.8056,9
"675",675,"2023-10-15 08:16:49",1697357809.34805,8
"676",676,"2023-10-16 08:22:43",1697444563.10995,10
"677",677,"2023-10-17 08:20:45",1697530845.84807,6
"678",678,"2023-10-18 08:19:11",1697617151.73783,9
"679",679,"2023-10-19 08:19:45",1697703585.7412,6
"680",680,"2023-10-20 08:18:52",1697789932.85005,4
"681",681,"2023-10-21 08:18:06",1697876286.97018,6
"682",682,"2023-10-22 08:17:32",1697962652.26789,5
"683",683,"2023-10-23 08:19:50",1698049190.02139,4
"684",684,"2023-10-24 08:21:14",1698135674.69482,2
"685",685,"2023-10-25 08:20:48",1698222048.96064,10
"686",686,"2023-10-26 08:19:10",1698308350.9886,4
"687",687,"2023-10-27 08:18:38",1698394718.97268,6
"688",688,"2023-10-28 08:17:06",1698481026.60945,2
"689",689,"2023-10-29 08:16:53",1698567413.39469,8
"690",690,"2023-10-30 08:20:05",1698654005.48584,2
"691",691,"2023-10-31 08:19:56",1698740396.25431,3
"692",692,"2023-11-01 08:18:44",1698826724.46548,10
"693",693,"2023-11-02 08:19:25",1698913165.45963,1
"694",694,"2023-11-03 08:19:19",1698999559.36347,7
"695",695,"2023-11-04 08:17:05",1699085825.27968,8
"696",696,"2023-11-05 08:16:26",1699172186.45698,9
"697",697,"2023-11-06 08:20:40",1699258840.74337,8
"698",698,"2023-11-07 08:18:21",1699345101.63498,6
"699",699,"2023-12-10 23:37:21.058356",1702251441.05836,6
"700",700,"2023-12-11 08:20:24.398098",1702282824.3981,8
"701",701,"2023-12-12 08:19:57.001212",1702369197.00121,5
"702",702,"2023-12-13 08:19:30.006444",1702455570.00644,6
"703",703,"2023-12-14 08:20:00.644539",1702542000.64454,3
"704",704,"2023-12-15 08:19:53.376336",1702628393.37634,5
"705",705,"2023-12-16 08:17:39.111036",1702714659.11104,10
"706",706,"2023-12-17 08:18:26.313555",1702801106.31356,7
"707",707,"2023-12-18 08:19:56.171798",1702887596.1718,10
"708",708,"2023-12-19 08:19:56.152099",1702973996.1521,4
"709",709,"2023-12-20 08:16:24.64413",1703060184.64413,4
"710",710,"2023-12-21 08:19:03.528483",1703146743.52848,3
"711",711,"2023-12-22 08:18:20.206526",1703233100.20653,4
"712",712,"2023-12-23 08:17:11.41064",1703319431.41064,3
"713",713,"2023-12-24 08:17:57.537617",1703405877.53762,2
"714",714,"2023-12-25 08:19:05.103233",1703492345.10323,1
"715",715,"2023-12-26 08:18:15.729692",1703578695.72969,8
"716",716,"2023-12-27 08:18:32.140019",1703665112.14002,8
"717",717,"2023-12-28 08:18:46.80111",1703751526.80111,10
"718",718,"2023-12-29 08:18:24.233712",1703837904.23371,10
"719",719,"2023-12-30 08:17:33.314101",1703924253.3141,10
"720",720,"2023-12-31 08:18:02.66679",1704010682.66679,7
"721",721,"2024-01-01 08:19:08.393005",1704097148.393,1
"722",722,"2024-01-02 08:18:49.390312",1704183529.39031,8
"723",723,"2024-01-03 08:18:23.222397",1704269903.2224,1
"724",724,"2024-01-04 08:18:19.518996",1704356299.519,4
"725",725,"2024-01-05 08:19:36.06871",1704442776.06871,5
"726",726,"2024-01-06 08:17:36.045042",1704529056.04504,1
"727",727,"2024-01-07 08:19:08.392224",1704615548.39222,2
"728",728,"2024-01-08 08:20:38.903384",1704702038.90338,6
"729",729,"2024-01-09 08:19:30.243568",1704788370.24357,4
"730",730,"2024-01-10 08:19:39.35624",1704874779.35624,8
"731",731,"2024-01-11 08:19:54.32297",1704961194.32297,7
"732",732,"2024-01-12 08:19:59.988078",1705047599.98808,2
"733",733,"2024-01-13 08:18:45.534973",1705133925.53497,9
"734",734,"2024-01-14 08:18:48.215679",1705220328.21568,7
"735",735,"2024-01-15 08:20:26.104455",1705306826.10446,5
"736",736,"2024-01-16 08:19:53.329903",1705393193.3299,8
"737",737,"2024-01-17 08:19:45.921661",1705479585.92166,4
"738",738,"2024-01-18 08:18:59.510701",1705565939.5107,6
"739",739,"2024-01-19 08:19:41.499754",1705652381.49975,7
"740",740,"2024-01-20 08:18:38.5215",1705738718.5215,2
"741",741,"2024-01-21 08:17:50.017532",1705825070.01753,8
"742",742,"2024-01-22 08:21:09.975788",1705911669.97579,3
"743",743,"2024-01-23 08:20:12.48689",1705998012.48689,5
"744",744,"2024-01-24 08:20:12.571275",1706084412.57127,1
"745",745,"2024-01-25 08:19:55.693912",1706170795.69391,2
"746",746,"2024-01-26 08:18:39.118874",1706257119.11887,5
"747",747,"2024-01-27 08:16:59.670492",1706343419.67049,9
"748",748,"2024-01-28 08:18:15.965911",1706429895.96591,3
"749",749,"2024-01-29 08:18:09.418664",1706516289.41866,3
"750",750,"2024-01-30 08:18:10.865912",1706602690.86591,1
"751",751,"2024-01-31 08:17:52.909278",1706689072.90928,1
"752",752,"2024-02-01 08:18:22.909521",1706775502.90952,7
"753",753,"2024-02-02 08:18:14.332083",1706861894.33208,3
"754",754,"2024-02-03 08:17:43.777552",1706948263.77755,5
"755",755,"2024-02-04 08:18:56.447074",1707034736.44707,2
"756",756,"2024-02-05 08:18:59.671827",1707121139.67183,4
"757",757,"2024-02-06 08:19:19.234398",1707207559.2344,9
"758",758,"2024-02-07 08:17:33.416265",1707293853.41627,7
"759",759,"2024-02-08 08:18:05.696866",1707380285.69687,9
"760",760,"2024-02-09 08:17:59.999552",1707466679.99955,2
"761",761,"2024-02-10 08:16:48.337858",1707553008.33786,6
"762",762,"2024-02-11 08:17:39.048664",1707639459.04866,7
"763",763,"2024-02-12 08:19:17.314213",1707725957.31421,2
"764",764,"2024-02-13 08:19:07.584836",1707812347.58484,3
"765",765,"2024-02-14 08:18:56.356506",1707898736.35651,8
"766",766,"2024-02-15 08:18:01.26205",1707985081.26205,5
"767",767,"2024-02-16 08:18:24.944584",1708071504.94458,8
"768",768,"2024-02-17 08:17:00.259131",1708157820.25913,7
"769",769,"2024-02-18 08:18:23.345064",1708244303.34506,9
"770",770,"2024-02-19 08:18:58.918573",1708330738.91857,4
"771",771,"2024-02-20 08:18:10.891811",1708417090.89181,5
"772",772,"2024-02-21 08:19:43.36603",1708503583.36603,3
"773",773,"2024-02-22 08:18:59.363496",1708589939.3635,3
"774",774,"2024-02-23 08:19:38.186331",1708676378.18633,6
"775",775,"2024-02-24 08:16:29.551524",1708762589.55152,8
"776",776,"2024-02-25 08:17:14.316786",1708849034.31679,4
"777",777,"2024-02-26 08:18:53.588297",1708935533.5883,9
"778",778,"2024-02-27 08:17:57.121472",1709021877.12147,4
"779",779,"2024-02-28 08:18:40.129735",1709108320.12973,10
"780",780,"2024-02-29 08:18:16.790159",1709194696.79016,9
"781",781,"2024-03-01 08:18:47.82742",1709281127.82742,8
"782",782,"2024-03-02 08:16:41.862817",1709367401.86282,4
"783",783,"2024-03-03 08:19:20.695679",1709453960.69568,4
"784",784,"2024-03-04 10:08:01.715844",1709546881.71584,2
"785",785,"2024-03-05 08:19:00.186025",1709626740.18602,5
"786",786,"2024-03-06 08:20:14.940937",1709713214.94094,9
"787",787,"2024-03-07 08:17:12.533536",1709799432.53354,1
"788",788,"2024-03-08 08:18:16.180253",1709885896.18025,2
"789",789,"2024-03-09 08:16:59.356672",1709972219.35667,6
"790",790,"2024-03-10 08:18:57.504092",1710058737.50409,5
"791",791,"2024-03-11 08:19:07.190019",1710145147.19002,2
"792",792,"2024-03-12 08:18:16.179112",1710231496.17911,1
"793",793,"2024-03-13 08:17:39.372955",1710317859.37295,2
"794",794,"2024-03-14 08:18:37.731964",1710404317.73196,4
"795",795,"2024-03-15 08:19:22.815987",1710490762.81599,3
"796",796,"2024-03-16 08:17:16.757743",1710577036.75774,5
"797",797,"2024-03-17 08:17:18.824088",1710663438.82409,2
"798",798,"2024-03-18 08:18:37.44005",1710749917.44005,3
"799",799,"2024-03-19 08:18:48.649154",1710836328.64915,1
"800",800,"2024-03-20 08:20:08.539721",1710922808.53972,7
"801",801,"2024-03-21 08:18:37.489995",1711009117.49,7
"802",802,"2024-03-22 08:18:49.829819",1711095529.82982,5
"803",803,"2024-03-23 08:17:26.485159",1711181846.48516,1
"804",804,"2024-03-24 08:16:48.837396",1711268208.8374,5
"805",805,"2024-03-25 08:20:10.073773",1711354810.07377,6
"806",806,"2024-03-26 08:18:25.336628",1711441105.33663,4
"807",807,"2024-03-27 08:19:53.078275",1711527593.07827,7
"808",808,"2024-03-28 08:18:34.614337",1711613914.61434,3
"809",809,"2024-03-29 08:18:13.792154",1711700293.79215,9
"810",810,"2024-03-30 08:19:20.532578",1711786760.53258,4
"811",811,"2024-03-31 08:18:33.020079",1711873113.02008,1
"812",812,"2024-04-02 08:18:52.77482",1712045932.77482,1
"813",813,"2024-04-03 08:18:51.356596",1712132331.3566,8
"814",814,"2024-04-04 08:19:36.249389",1712218776.24939,4
"815",815,"2024-04-06 08:17:57.949386",1712391477.94939,3
"816",816,"2024-04-07 08:20:41.101979",1712478041.10198,4
"817",817,"2024-04-08 08:19:55.743752",1712564395.74375,1
"818",818,"2024-04-09 08:18:43.918853",1712650723.91885,6
"819",819,"2024-04-10 08:21:10.525728",1712737270.52573,7
"820",820,"2024-04-11 08:20:48.621797",1712823648.6218,7
"821",821,"2024-04-13 08:15:26.89333",1712996126.89333,4
"822",822,"2024-04-14 10:42:26.119041",1713091346.11904,9
"823",823,"2024-04-15 08:16:12.455635",1713168972.45563,1
"824",824,"2024-04-16 08:19:38.292525",1713255578.29253,1
"825",825,"2024-04-17 08:19:02.556545",1713341942.55655,5
"826",826,"2024-04-18 08:20:00.055432",1713428400.05543,8
"827",827,"2024-04-19 08:19:43.592237",1713514783.59224,1
"828",828,"2024-04-20 08:17:29.745834",1713601049.74583,6
"829",829,"2024-04-21 08:17:35.977283",1713687455.97728,7
"830",830,"2024-04-22 08:20:00.15256",1713774000.15256,2
"831",831,"2024-04-23 08:19:07.208215",1713860347.20822,5
"832",832,"2024-04-24 08:19:34.908032",1713946774.90803,4
"833",833,"2024-04-25 08:21:11.085829",1714033271.08583,3
"834",834,"2024-04-26 08:18:52.119672",1714119532.11967,9
"835",835,"2024-04-27 08:19:10.903671",1714205950.90367,1
"836",836,"2024-04-28 08:19:54.546902",1714292394.5469,4
"837",837,"2024-04-29 08:20:16.879324",1714378816.87932,9
"838",838,"2024-04-30 08:19:57.881363",1714465197.88136,5
"839",839,"2024-05-01 08:22:02.356098",1714551722.3561,1
"840",840,"2024-05-02 08:19:32.254818",1714637972.25482,4
"841",841,"2024-05-03 08:18:57.515419",1714724337.51542,6
"842",842,"2024-05-04 08:17:44.891061",1714810664.89106,3
"843",843,"2024-05-05 08:19:02.049156",1714897142.04916,8
"844",844,"2024-05-06 08:20:03.017522",1714983603.01752,1
"845",845,"2024-05-07 08:19:15.608944",1715069955.60894,6
"846",846,"2024-05-08 08:17:46.321038",1715156266.32104,10
"847",847,"2024-05-09 08:19:55.567263",1715242795.56726,1
"848",848,"2024-05-10 08:19:14.006566",1715329154.00657,2
"849",849,"2024-05-11 08:18:28.360095",1715415508.36009,7
"850",850,"2024-05-12 08:18:58.805736",1715501938.80574,9
"851",851,"2024-05-13 08:20:41.97624",1715588441.97624,4
"852",852,"2024-05-14 08:21:43.603431",1715674903.60343,10
"853",853,"2024-05-15 08:20:25.855186",1715761225.85519,1
"854",854,"2024-05-16 08:16:50.272494",1715847410.27249,6
"855",855,"2024-05-17 08:19:49.636409",1715933989.63641,2
"856",856,"2024-05-18 08:18:17.173162",1716020297.17316,10
"857",857,"2024-05-19 08:18:31.256718",1716106711.25672,7
"858",858,"2024-05-20 08:20:05.062683",1716193205.06268,1
"859",859,"2024-05-21 08:20:28.410928",1716279628.41093,3
"860",860,"2024-05-22 08:22:17.398636",1716366137.39864,10
"861",861,"2024-05-23 08:19:57.235194",1716452397.23519,5
"862",862,"2024-05-24 08:19:41.778435",1716538781.77844,6
"863",863,"2024-05-25 08:19:25.168927",1716625165.16893,5
"864",864,"2024-05-26 08:19:33.375509",1716711573.37551,2
"865",865,"2024-05-27 08:20:29.703112",1716798029.70311,2
"866",866,"2024-05-28 08:21:04.838704",1716884464.8387,3
"867",867,"2024-05-29 08:21:28.389727",1716970888.38973,3
"868",868,"2024-05-30 08:21:20.487284",1717057280.48728,9
"869",869,"2024-05-31 08:20:39.144089",1717143639.14409,2
"870",870,"2024-06-01 08:19:36.141507",1717229976.14151,10
"871",871,"2024-06-02 08:19:29.808299",1717316369.8083,9
"872",872,"2024-06-03 08:21:25.59007",1717402885.59007,4
"873",873,"2024-06-04 08:21:07.860721",1717489267.86072,4
"874",874,"2024-06-05 08:19:43.457705",1717575583.4577,1
"875",875,"2024-06-06 08:20:22.436936",1717662022.43694,2
"876",876,"2024-06-07 08:20:17.430384",1717748417.43038,3
"877",877,"2024-06-08 08:18:58.722371",1717834738.72237,3
"878",878,"2024-06-09 08:18:21.756156",1717921101.75616,3
"879",879,"2024-06-10 08:21:16.707804",1718007676.7078,7
"880",880,"2024-06-11 08:20:55.77286",1718094055.77286,9
"881",881,"2024-06-12 08:21:11.13589",1718180471.13589,6
"882",882,"2024-06-13 08:20:24.26631",1718266824.26631,4
"883",883,"2024-06-14 08:19:23.084657",1718353163.08466,3
"884",884,"2024-06-15 08:19:52.712483",1718439592.71248,3
"885",885,"2024-06-16 08:19:10.944745",1718525950.94475,2
"886",886,"2024-06-17 08:21:04.770931",1718612464.77093,8
"887",887,"2024-06-18 08:21:24.780643",1718698884.78064,10
"888",888,"2024-06-19 08:20:29.215305",1718785229.2153,4
"889",889,"2024-06-20 08:20:54.540614",1718871654.54061,7
"890",890,"2024-06-21 08:20:16.19104",1718958016.19104,2
"891",891,"2024-06-22 08:19:14.433602",1719044354.4336,9
"892",892,"2024-06-23 08:18:39.536421",1719130719.53642,9
"893",893,"2024-06-24 08:21:10.591628",1719217270.59163,9
"894",894,"2024-06-25 08:22:18.514114",1719303738.51411,1
"895",895,"2024-06-26 08:20:45.549886",1719390045.54989,7
"896",896,"2024-06-27 08:20:14.446375",1719476414.44637,1
"897",897,"2024-06-28 08:20:59.121804",1719562859.1218,3
"898",898,"2024-06-29 08:19:14.495397",1719649154.4954,9
"899",899,"2024-06-30 08:19:14.906901",1719735554.9069,10
"900",900,"2024-07-01 08:21:11.341385",1719822071.34139,6
"901",901,"2024-07-02 08:21:17.880651",1719908477.88065,1
"902",902,"2024-07-03 08:21:04.404207",1719994864.40421,3
"903",903,"2024-07-04 08:21:23.855438",1720081283.85544,7
"904",904,"2024-07-05 08:20:29.022887",1720167629.02289,2
"905",905,"2024-07-06 08:21:11.059748",1720254071.05975,6
"906",906,"2024-07-07 08:18:55.406517",1720340335.40652,2
"907",907,"2024-07-08 08:21:19.127534",1720426879.12753,5
"908",908,"2024-07-09 08:19:56.364193",1720513196.36419,7
"909",909,"2024-07-10 08:21:59.482281",1720599719.48228,7
"910",910,"2024-07-11 08:20:51.481405",1720686051.4814,10
"911",911,"2024-07-12 08:21:20.605362",1720772480.60536,6
"912",912,"2024-07-13 08:19:05.859741",1720858745.85974,7
"913",913,"2024-07-14 08:21:33.858079",1720945293.85808,8
"914",914,"2024-07-15 08:21:21.74617",1721031681.74617,8
"915",915,"2024-07-16 08:21:33.127183",1721118093.12718,5
"916",916,"2024-07-17 08:21:13.684625",1721204473.68462,7
"917",917,"2024-07-18 08:20:54.261548",1721290854.26155,4
"918",918,"2024-07-19 08:21:05.133231",1721377265.13323,1
"919",919,"2024-07-20 08:18:50.764476",1721463530.76448,8
"920",920,"2024-07-21 08:19:16.07888",1721549956.07888,4
"921",921,"2024-07-22 08:21:59.464947",1721636519.46495,7
"922",922,"2024-07-23 08:22:09.311979",1721722929.31198,6
"923",923,"2024-07-24 08:20:43.237919",1721809243.23792,9
"924",924,"2024-07-25 08:20:47.787498",1721895647.7875,8
"925",925,"2024-07-26 08:20:14.387778",1721982014.38778,2
"926",926,"2024-07-27 08:19:09.126084",1722068349.12608,1
"927",927,"2024-07-28 08:19:05.82171",1722154745.82171,5
"928",928,"2024-07-29 08:21:16.3989",1722241276.3989,10
"929",929,"2024-07-30 08:21:18.554922",1722327678.55492,2
"930",930,"2024-07-31 08:20:36.83954",1722414036.83954,5
"931",931,"2024-08-01 08:21:34.464419",1722500494.46442,6
"932",932,"2024-08-02 08:20:43.969128",1722586843.96913,10
"933",933,"2024-08-03 08:20:33.118805",1722673233.1188,9
"934",934,"2024-08-04 08:18:47.443763",1722759527.44376,6
"935",935,"2024-08-05 08:22:09.627327",1722846129.62733,3
"936",936,"2024-08-06 08:21:03.945188",1722932463.94519,8
"937",937,"2024-08-07 08:22:01.915293",1723018921.91529,6
"938",938,"2024-08-08 08:21:06.336373",1723105266.33637,2
"939",939,"2024-08-09 08:21:31.612314",1723191691.61231,8
"940",940,"2024-08-10 08:20:16.243668",1723278016.24367,9
"941",941,"2024-08-11 08:19:15.917905",1723364355.91791,2
"942",942,"2024-08-12 08:23:01.256299",1723450981.2563,10
"943",943,"2024-08-13 08:20:52.783372",1723537252.78337,7
"944",944,"2024-08-14 08:22:21.822661",1723623741.82266,3
"945",945,"2024-08-15 08:21:56.773228",1723710116.77323,2
"946",946,"2024-08-16 08:21:43.030409",1723796503.03041,2
"947",947,"2024-08-17 08:19:51.792968",1723882791.79297,2
"948",948,"2024-08-18 08:19:26.969499",1723969166.9695,5
"949",949,"2024-08-19 08:21:37.222996",1724055697.223,9
"950",950,"2024-08-20 08:21:56.393284",1724142116.39328,3
"951",951,"2024-08-21 08:21:24.968874",1724228484.96887,6
"952",952,"2024-08-22 08:20:47.863715",1724314847.86371,5
"953",953,"2024-08-23 08:21:57.93201",1724401317.93201,6
"954",954,"2024-08-24 08:19:27.640907",1724487567.64091,5
"955",955,"2024-08-25 08:20:30.673099",1724574030.6731,8
"956",956,"2024-08-26 08:22:37.105221",1724660557.10522,6
"957",957,"2024-08-27 08:21:58.045375",1724746918.04538,6
"958",958,"2024-08-28 08:22:19.700779",1724833339.70078,4
"959",959,"2024-08-29 08:22:07.737936",1724919727.73794,4
"960",960,"2024-08-30 08:22:25.524109",1725006145.52411,7
"961",961,"2024-08-31 08:21:34.007736",1725092494.00774,8
"962",962,"2024-09-01 08:20:50.964752",1725178850.96475,1
"963",963,"2024-09-02 08:23:06.306789",1725265386.30679,9
"964",964,"2024-09-03 08:22:04.872567",1725351724.87257,8
"965",965,"2024-09-04 08:21:16.633281",1725438076.63328,2
"966",966,"2024-09-05 08:22:54.452865",1725524574.45287,1
"967",967,"2024-09-06 08:22:00.4203",1725610920.4203,7
"968",968,"2024-09-07 08:20:10.035375",1725697210.03538,6
"969",969,"2024-09-08 08:20:24.181056",1725783624.18106,7
"970",970,"2024-09-09 08:24:44.772164",1725870284.77216,2
"971",971,"2024-09-10 08:22:31.127548",1725956551.12755,1
"972",972,"2024-09-11 08:23:09.749172",1726042989.74917,1
"973",973,"2024-09-12 08:22:06.99539",1726129326.99539,3
"974",974,"2024-09-13 08:21:44.408171",1726215704.40817,7
"975",975,"2024-09-14 08:22:44.979891",1726302164.97989,4
"976",976,"2024-09-15 08:22:24.912453",1726388544.91245,10
"977",977,"2024-09-16 08:23:15.440219",1726474995.44022,1
"978",978,"2024-09-17 08:23:11.412835",1726561391.41283,10
"979",979,"2024-09-18 08:21:07.036101",1726647667.0361,9
"980",980,"2024-09-19 08:23:28.929278",1726734208.92928,2
"981",981,"2024-09-20 08:22:21.760266",1726820541.76027,8
"982",982,"2024-09-21 08:20:58.019556",1726906858.01956,3
"983",983,"2024-09-22 08:20:47.535875",1726993247.53587,9
"984",984,"2024-09-23 08:23:14.475643",1727079794.47564,7
"985",985,"2024-09-24 08:23:56.113919",1727166236.11392,8
"986",986,"2024-09-25 08:25:00.090733",1727252700.09073,9
"987",987,"2024-09-26 08:23:30.145089",1727339010.14509,3
"988",988,"2024-09-27 08:23:00.83885",1727425380.83885,7
"989",989,"2024-09-28 08:21:39.913734",1727511699.91373,6
"990",990,"2024-09-29 08:23:15.485682",1727598195.48568,7
"991",991,"2024-09-30 08:25:21.858234",1727684721.85823,5
"992",992,"2024-10-01 08:24:39.398751",1727771079.39875,8
"993",993,"2024-10-02 08:23:30.126658",1727857410.12666,10
"994",994,"2024-10-03 08:24:36.225105",1727943876.2251,6
"995",995,"2024-10-04 08:22:52.662216",1728030172.66222,2
"996",996,"2024-10-05 08:22:08.919386",1728116528.91939,9
"997",997,"2024-10-06 08:21:11.774432",1728202871.77443,3
"998",998,"2024-10-07 08:23:13.04545",1728289393.04545,1
"999",999,"2024-10-08 08:24:14.692401",1728375854.6924,1
"1000",1000,"2024-10-09 08:23:43.488116",1728462223.48812,7
"1001",1001,"2024-10-10 08:22:48.692427",1728548568.69243,9
"1002",1002,"2024-10-11 08:22:54.045606",1728634974.04561,9
"1003",1003,"2024-10-12 08:21:07.269734",1728721267.26973,2
"1004",1004,"2024-10-13 08:21:29.016502",1728807689.0165,10
"1005",1005,"2024-10-14 08:24:30.837075",1728894270.83708,9
"1006",1006,"2024-10-15 08:23:47.075125",1728980627.07513,2
"1007",1007,"2024-10-16 08:23:46.769619",1729067026.76962,7
"1008",1008,"2024-10-17 08:23:38.137235",1729153418.13724,5
"1009",1009,"2024-10-18 08:23:11.232835",1729239791.23283,6
"1010",1010,"2024-10-19 08:21:53.651569",1729326113.65157,2
"1011",1011,"2024-10-20 08:23:52.34931",1729412632.34931,7
"1012",1012,"2024-10-21 08:26:17.24304",1729499177.24304,7
"1013",1013,"2024-10-22 08:23:39.421764",1729585419.42176,10
"1014",1014,"2024-10-23 08:23:24.313277",1729671804.31328,3
"1015",1015,"2024-10-24 08:23:22.134781",1729758202.13478,8
"1016",1016,"2024-10-25 08:23:59.787165",1729844639.78717,2
"1017",1017,"2024-10-26 08:21:25.209801",1729930885.2098,4
"1018",1018,"2024-10-27 08:23:42.471865",1730017422.47187,5
"1019",1019,"2024-10-28 08:24:30.919375",1730103870.91937,8
"1020",1020,"2024-10-29 08:23:54.047529",1730190234.04753,6
"1021",1021,"2024-10-30 08:26:11.59604",1730276771.59604,3
"1022",1022,"2024-10-31 08:22:22.457024",1730362942.45702,9
"1023",1023,"2024-11-01 08:22:29.961525",1730449349.96153,8
"1024",1024,"2024-11-02 08:21:35.256078",1730535695.25608,5
"1025",1025,"2024-11-03 08:20:47.350789",1730622047.35079,4
"1026",1026,"2024-11-04 08:23:43.438728",1730708623.43873,1
"1027",1027,"2024-11-05 08:23:10.297765",1730794990.29776,9
"1028",1028,"2024-11-06 08:23:36.095972",1730881416.09597,3
"1029",1029,"2024-11-07 08:22:20.476244",1730967740.47624,6
"1030",1030,"2024-11-08 08:23:00.860144",1731054180.86014,8
"1031",1031,"2024-11-09 08:21:42.582045",1731140502.58204,8
"1032",1032,"2024-11-10 08:20:58.308544",1731226858.30854,3
"1033",1033,"2024-11-11 08:23:27.623601",1731313407.6236,6
"1034",1034,"2024-11-12 08:23:07.627169",1731399787.62717,5
"1035",1035,"2024-11-13 08:23:12.034218",1731486192.03422,3
"1036",1036,"2024-11-14 08:23:53.998871",1731572633.99887,6
"1037",1037,"2024-11-15 08:23:47.681126",1731659027.68113,3
"1038",1038,"2024-11-16 08:21:54.814857",1731745314.81486,9
"1039",1039,"2024-11-17 08:21:41.943172",1731831701.94317,9
"1040",1040,"2024-11-18 08:25:19.734652",1731918319.73465,9
"1041",1041,"2024-11-19 08:25:24.14834",1732004724.14834,10
"1042",1042,"2024-11-20 08:25:26.100424",1732091126.10042,2
"1043",1043,"2024-11-21 08:23:55.256248",1732177435.25625,8
"1044",1044,"2024-11-22 08:24:09.469052",1732263849.46905,10
"1045",1045,"2024-11-23 08:21:53.949652",1732350113.94965,4
"1046",1046,"2024-11-24 08:21:59.887016",1732436519.88702,7
"1047",1047,"2024-11-25 08:25:33.32285",1732523133.32285,4
"1048",1048,"2024-11-26 08:25:43.295123",1732609543.29512,8
"1049",1049,"2024-11-27 08:25:12.663998",1732695912.664,10
"1050",1050,"2024-11-28 08:25:16.876255",1732782316.87626,3
"1051",1051,"2024-11-29 08:24:49.279756",1732868689.27976,9
"1052",1052,"2024-11-30 08:23:03.747777",1732954983.74778,8
"1053",1053,"2024-12-01 08:23:07.481756",1733041387.48176,7
"1054",1054,"2024-12-02 08:26:36.615768",1733127996.61577,6
"1055",1055,"2024-12-03 08:24:43.94405",1733214283.94405,2
"1056",1056,"2024-12-04 08:25:59.895738",1733300759.89574,3
"1057",1057,"2024-12-05 08:25:44.025216",1733387144.02522,6
"1058",1058,"2024-12-06 08:24:59.837221",1733473499.83722,4
"1059",1059,"2024-12-07 08:23:10.821655",1733559790.82165,7
"1060",1060,"2024-12-08 08:23:37.90555",1733646217.90555,10
"1061",1061,"2024-12-09 08:26:56.445897",1733732816.4459,10
"1062",1062,"2024-12-10 08:26:21.308413",1733819181.30841,9
"1063",1063,"2024-12-11 08:25:51.865886",1733905551.86589,7
"1064",1064,"2024-12-12 08:25:24.410488",1733991924.41049,9
"1065",1065,"2024-12-13 08:25:33.848244",1734078333.84824,6
"1066",1066,"2024-12-14 08:22:48.138534",1734164568.13853,1
"1067",1067,"2024-12-15 08:22:38.933575",1734250958.93358,10
"1068",1068,"2024-12-16 08:26:38.861703",1734337598.8617,5
"1069",1069,"2024-12-17 08:26:01.431484",1734423961.43148,8
"1070",1070,"2024-12-18 08:24:40.403561",1734510280.40356,7
"1071",1071,"2024-12-19 08:24:19.522424",1734596659.52242,9
"1072",1072,"2024-12-20 08:23:04.404497",1734682984.4045,8
"1073",1073,"2024-12-21 08:20:55.068151",1734769255.06815,5
"1074",1074,"2024-12-22 08:20:59.054081",1734855659.05408,6
"1075",1075,"2024-12-23 08:23:56.360722",1734942236.36072,10
"1076",1076,"2024-12-24 08:22:59.059437",1735028579.05944,8
"1077",1077,"2024-12-25 08:22:39.413514",1735114959.41351,9
"1078",1078,"2024-12-26 08:23:17.6731",1735201397.6731,7
"1079",1079,"2024-12-27 08:22:26.013894",1735287746.01389,5
"1080",1080,"2024-12-28 08:21:27.987267",1735374087.98727,7
"1081",1081,"2024-12-29 08:22:03.64661",1735460523.64661,4
"1082",1082,"2024-12-30 08:23:29.293623",1735547009.29362,3
"1083",1083,"2024-12-31 08:22:45.489628",1735633365.48963,3
"1084",1084,"2025-01-01 08:23:17.197377",1735719797.19738,2
"1085",1085,"2025-01-02 08:22:41.70711",1735806161.70711,4
"1086",1086,"2025-01-03 08:22:52.396227",1735892572.39623,4
"1087",1087,"2025-01-04 08:21:53.832181",1735978913.83218,1
"1088",1088,"2025-01-05 08:21:26.130299",1736065286.1303,10
"1089",1089,"2025-01-06 08:23:54.305568",1736151834.30557,1
"1090",1090,"2025-01-07 08:22:53.845819",1736238173.84582,4
"1091",1091,"2025-01-08 08:23:21.824584",1736324601.82458,10
"1092",1092,"2025-01-09 08:22:38.495097",1736410958.4951,2
"1093",1093,"2025-01-10 08:22:58.652409",1736497378.65241,3
"1094",1094,"2025-01-11 08:21:16.541369",1736583676.54137,1
"1095",1095,"2025-01-12 08:22:09.595185",1736670129.59518,7
"1096",1096,"2025-01-13 08:24:41.986759",1736756681.98676,7
"1097",1097,"2025-01-14 08:22:17.087614",1736842937.08761,10
"1098",1098,"2025-01-15 08:23:04.839478",1736929384.83948,2
"1099",1099,"2025-01-16 08:23:00.8862",1737015780.8862,4
"1100",1100,"2025-01-17 08:23:19.708259",1737102199.70826,1
"1101",1101,"2025-01-18 08:20:22.009173",1737188422.00917,8
"1102",1102,"2025-01-19 08:20:33.217958",1737274833.21796,4
"1103",1103,"2025-01-20 08:24:05.500573",1737361445.50057,10
"1104",1104,"2025-01-21 08:22:40.13806",1737447760.13806,10
"1105",1105,"2025-01-22 08:23:12.316863",1737534192.31686,3
"1106",1106,"2025-01-23 08:23:54.958216",1737620634.95822,5
"1107",1107,"2025-01-24 08:22:56.679563",1737706976.67956,9
"1108",1108,"2025-01-25 08:21:11.922023",1737793271.92202,1
"1109",1109,"2025-01-26 08:20:15.956014",1737879615.95601,9
"1110",1110,"2025-01-27 08:24:02.995988",1737966242.99599,3
"1111",1111,"2025-01-28 08:23:10.960439",1738052590.96044,4
"1112",1112,"2025-01-29 08:24:29.72195",1738139069.72195,7
"1113",1113,"2025-01-30 08:22:20.89061",1738225340.89061,1
"1114",1114,"2025-01-31 08:22:26.001244",1738311746.00124,2
"1115",1115,"2025-02-01 08:22:19.625814",1738398139.62581,4
"1116",1116,"2025-02-02 08:20:25.797424",1738484425.79742,7
"1117",1117,"2025-02-03 08:23:32.969949",1738571012.96995,6
"1118",1118,"2025-02-04 08:23:12.677671",1738657392.67767,6
"1119",1119,"2025-02-05 08:22:01.539259",1738743721.53926,8
"1120",1120,"2025-02-06 08:23:03.148496",1738830183.1485,3
"1121",1121,"2025-02-07 08:23:47.148247",1738916627.14825,10
"1122",1122,"2025-02-08 08:21:14.967521",1739002874.96752,5
"1123",1123,"2025-02-09 08:22:15.65179",1739089335.65179,8
"1124",1124,"2025-02-10 08:25:14.332435",1739175914.33244,3
"1125",1125,"2025-02-11 08:23:20.256959",1739262200.25696,9
"1126",1126,"2025-02-12 08:24:53.329695",1739348693.32969,3
"1127",1127,"2025-02-13 08:23:17.613396",1739434997.6134,8
"1128",1128,"2025-02-14 08:23:15.649692",1739521395.64969,5
"1129",1129,"2025-02-15 08:21:47.331045",1739607707.33105,6
"1130",1130,"2025-02-16 08:20:59.264093",1739694059.26409,4
"1131",1131,"2025-02-17 08:25:05.797561",1739780705.79756,3
"1132",1132,"2025-02-18 08:23:26.67376",1739867006.67376,5
"1133",1133,"2025-02-19 08:24:18.910044",1739953458.91004,1
"1134",1134,"2025-02-20 08:24:38.511287",1740039878.51129,4
"1135",1135,"2025-02-21 08:23:12.543045",1740126192.54305,8
"1136",1136,"2025-02-22 08:21:01.652381",1740212461.65238,3
"1137",1137,"2025-02-23 08:23:40.943591",1740299020.94359,2
"1138",1138,"2025-02-24 08:24:38.132567",1740385478.13257,9
"1139",1139,"2025-02-25 08:23:51.538765",1740471831.53876,8
"1140",1140,"2025-02-26 08:24:18.85203",1740558258.85203,9
"1141",1141,"2025-02-27 08:23:40.475137",1740644620.47514,3
"1142",1142,"2025-02-28 08:23:45.0491",1740731025.0491,8
"1143",1143,"2025-03-01 08:23:29.857752",1740817409.85775,4
"1144",1144,"2025-03-02 08:21:31.341803",1740903691.3418,10
"1145",1145,"2025-03-03 08:25:40.172992",1740990340.17299,8
"1146",1146,"2025-03-04 08:22:13.547654",1741076533.54765,4
"1147",1147,"2025-03-05 08:24:35.810456",1741163075.81046,4
"1148",1148,"2025-03-06 08:29:03.568802",1741249743.5688,3
"1149",1149,"2025-03-07 08:24:58.937512",1741335898.93751,8
"1150",1150,"2025-03-08 08:19:21.245176",1741421961.24518,1
"1151",1151,"2025-03-09 08:21:44.017981",1741508504.01798,5
"1152",1152,"2025-03-10 08:24:57.146206",1741595097.14621,5
"1153",1153,"2025-03-11 08:25:14.19689",1741681514.19689,1
"1154",1154,"2025-03-12 08:26:35.677632",1741767995.67763,7
"1155",1155,"2025-03-13 08:25:59.815862",1741854359.81586,5
"1156",1156,"2025-03-14 08:24:03.177061",1741940643.17706,6
"1157",1157,"2025-03-15 08:23:07.577728",1742026987.57773,7
"1158",1158,"2025-03-16 08:21:57.348152",1742113317.34815,10
"1159",1159,"2025-03-17 08:26:00.910796",1742199960.9108,1
"1160",1160,"2025-03-18 08:26:29.267058",1742286389.26706,7
"1161",1161,"2025-03-19 08:25:50.479649",1742372750.47965,8
"1162",1162,"2025-03-20 08:25:18.631201",1742459118.6312,5
"1163",1163,"2025-03-21 08:24:12.345951",1742545452.34595,2
"1164",1164,"2025-03-22 08:22:27.000502",1742631747.0005,2
"1165",1165,"2025-03-23 08:22:25.851655",1742718145.85166,6
"1166",1166,"2025-03-24 08:25:59.132093",1742804759.13209,8
"1167",1167,"2025-03-25 08:25:09.537879",1742891109.53788,8
"1168",1168,"2025-03-26 08:26:59.681179",1742977619.68118,7
"1169",1169,"2025-03-27 08:25:06.036513",1743063906.03651,2
"1170",1170,"2025-03-28 08:27:30.39311",1743150450.39311,3
"1171",1171,"2025-03-29 08:23:05.78717",1743236585.78717,3
"1172",1172,"2025-03-30 08:22:58.345261",1743322978.34526,6
"1173",1173,"2025-03-31 08:27:24.494285",1743409644.49428,7
"1174",1174,"2025-04-01 08:26:11.561162",1743495971.56116,4
"1175",1175,"2025-04-02 08:26:38.814295",1743582398.8143,4
"1176",1176,"2025-04-03 08:25:53.97572",1743668753.97572,7
"1177",1177,"2025-04-04 08:26:02.072346",1743755162.07235,6
"1178",1178,"2025-04-05 08:22:29.108329",1743841349.10833,8
"1179",1179,"2025-04-06 08:23:02.307511",1743927782.30751,5
"1180",1180,"2025-04-07 08:28:23.740614",1744014503.74061,3
"1181",1181,"2025-04-08 08:28:12.860649",1744100892.86065,10
"1182",1182,"2025-04-09 08:28:15.092774",1744187295.09277,3
"1183",1183,"2025-04-10 08:25:41.301009",1744273541.30101,5
"1184",1184,"2025-04-11 08:26:09.756942",1744359969.75694,2
"1185",1185,"2025-04-12 08:24:38.176939",1744446278.17694,3
"1186",1186,"2025-04-13 08:23:15.980791",1744532595.98079,5
"1187",1187,"2025-04-14 08:28:03.684431",1744619283.68443,9
"1188",1188,"2025-04-15 08:27:25.650446",1744705645.65045,5
"1189",1189,"2025-04-16 08:27:54.678458",1744792074.67846,2
"1190",1190,"2025-04-17 08:26:03.181139",1744878363.18114,7
"1191",1191,"2025-04-18 08:29:55.325755",1744964995.32576,8
"1192",1192,"2025-04-19 08:25:12.551802",1745051112.5518,8
"1193",1193,"2025-04-20 08:22:42.943943",1745137362.94394,8
"1194",1194,"2025-04-21 08:27:06.924913",1745224026.92491,3
"1195",1195,"2025-04-22 08:26:22.971202",1745310382.9712,2
"1196",1196,"2025-04-23 08:27:14.13804",1745396834.13804,7
"1197",1197,"2025-04-24 08:26:32.199526",1745483192.19953,7
"1198",1198,"2025-04-25 08:26:04.014004",1745569564.014,1
"1199",1199,"2025-04-26 08:23:08.358139",1745655788.35814,9
"1200",1200,"2025-04-27 08:24:17.033603",1745742257.0336,6
"1201",1201,"2025-04-28 09:06:29.794064",1745831189.79406,8
"1202",1202,"2025-04-29 08:28:34.748432",1745915314.74843,5
"1203",1203,"2025-04-30 08:26:31.985399",1746001591.9854,1
"1204",1204,"2025-05-01 08:26:05.275675",1746087965.27567,3
"1205",1205,"2025-05-02 08:26:20.648556",1746174380.64856,5
"1206",1206,"2025-05-03 08:23:21.221633",1746260601.22163,2
"1207",1207,"2025-05-04 08:23:26.442307",1746347006.44231,2
"1208",1208,"2025-05-05 08:31:36.09675",1746433896.09675,8
"1209",1209,"2025-05-06 08:31:55.535913",1746520315.53591,4
"1210",1210,"2025-05-07 08:27:58.071572",1746606478.07157,1
"1211",1211,"2025-05-08 08:28:31.84222",1746692911.84222,1
"1212",1212,"2025-05-09 08:26:51.73358",1746779211.73358,4
"1213",1213,"2025-05-10 08:22:59.706999",1746865379.707,5
"1214",1214,"2025-05-11 08:23:54.311725",1746951834.31172,7
"1215",1215,"2025-05-12 08:28:37.876736",1747038517.87674,7
"1216",1216,"2025-05-13 08:27:42.957895",1747124862.95789,3
"1217",1217,"2025-05-14 08:27:54.276095",1747211274.27609,8
"1218",1218,"2025-05-15 08:28:44.920047",1747297724.92005,9
"1219",1219,"2025-05-16 08:27:13.595748",1747384033.59575,5
"1220",1220,"2025-05-17 08:24:07.35156",1747470247.35156,5
"1221",1221,"2025-05-18 08:24:35.35884",1747556675.35884,8
"1222",1222,"2025-05-19 08:31:37.946493",1747643497.94649,6
"1223",1223,"2025-05-20 08:29:23.917341",1747729763.91734,1
"1224",1224,"2025-05-21 08:27:19.856618",1747816039.85662,3
"1225",1225,"2025-05-22 08:27:16.836074",1747902436.83607,9
"1226",1226,"2025-05-23 08:27:42.905962",1747988862.90596,3
"1227",1227,"2025-05-24 08:24:11.106318",1748075051.10632,6
"1228",1228,"2025-05-25 08:25:10.492236",1748161510.49224,8
"1229",1229,"2025-05-27 08:27:40.720503",1748334460.7205,10
"1230",1230,"2025-05-28 08:28:01.550962",1748420881.55096,10
"1231",1231,"2025-05-29 08:28:05.978139",1748507285.97814,8
"1232",1232,"2025-05-30 08:28:31.212289",1748593711.21229,10
"1233",1233,"2025-05-31 08:25:37.429185",1748679937.42919,3
"1234",1234,"2025-06-01 08:25:03.977756",1748766303.97776,7
"1235",1235,"2025-06-02 08:29:00.968993",1748852940.96899,4
"1236",1236,"2025-06-03 08:29:21.509867",1748939361.50987,6
"1237",1237,"2025-06-04 08:28:29.648706",1749025709.64871,3
"1238",1238,"2025-06-05 08:27:37.580966",1749112057.58097,7
"1239",1239,"2025-06-06 08:27:19.015204",1749198439.0152,2
"1240",1240,"2025-06-07 08:24:16.931633",1749284656.93163,7
"1241",1241,"2025-06-08 08:23:52.926635",1749371032.92664,7
"1242",1242,"2025-06-09 08:31:10.494154",1749457870.49415,3
"1243",1243,"2025-06-10 08:28:43.3314",1749544123.3314,7
"1244",1244,"2025-06-11 08:28:09.973131",1749630489.97313,2
"1245",1245,"2025-06-12 08:27:54.790924",1749716874.79092,4
"1246",1246,"2025-06-13 08:28:35.791336",1749803315.79134,7
"1247",1247,"2025-06-14 08:25:53.609506",1749889553.60951,6
"1248",1248,"2025-06-15 08:26:05.185329",1749975965.18533,9
"1249",1249,"2025-06-16 08:30:27.367477",1750062627.36748,4
"1250",1250,"2025-06-17 08:29:08.866185",1750148948.86618,8
"1251",1251,"2025-06-18 08:27:59.689166",1750235279.68917,2
"1252",1252,"2025-06-19 08:28:21.003556",1750321701.00356,9
"1253",1253,"2025-06-20 08:28:38.245502",1750408118.2455,8
"1254",1254,"2025-06-21 08:25:37.793889",1750494337.79389,5
"1255",1255,"2025-06-22 08:25:46.13076",1750580746.13076,2
"1256",1256,"2025-06-23 08:29:15.778259",1750667355.77826,9
"1257",1257,"2025-06-24 08:29:54.948003",1750753794.948,9
"1258",1258,"2025-06-25 08:30:12.442993",1750840212.44299,8
"1259",1259,"2025-06-26 08:28:19.696763",1750926499.69676,8
"1260",1260,"2025-06-27 08:28:05.223143",1751012885.22314,5
"1261",1261,"2025-06-28 08:25:56.611787",1751099156.61179,2
"1262",1262,"2025-06-29 08:25:12.619925",1751185512.61992,1
"1263",1263,"2025-06-30 08:28:53.837658",1751272133.83766,6
"1264",1264,"2025-07-01 08:30:07.27209",1751358607.27209,8
"1265",1265,"2025-07-02 08:29:18.611473",1751444958.61147,8
"1266",1266,"2025-07-03 08:28:04.802648",1751531284.80265,1
"1267",1267,"2025-07-04 08:28:11.66262",1751617691.66262,7
"1268",1268,"2025-07-05 08:26:23.217434",1751703983.21743,7
"1269",1269,"2025-07-06 08:26:34.256588",1751790394.25659,5
"1270",1270,"2025-07-07 08:30:32.047252",1751877032.04725,3
"1271",1271,"2025-07-08 08:29:39.125641",1751963379.12564,3
"1272",1272,"2025-07-09 08:29:03.435192",1752049743.43519,3
"1273",1273,"2025-07-10 08:28:55.539297",1752136135.5393,2
"1274",1274,"2025-07-11 08:28:48.843585",1752222528.84359,6
"1275",1275,"2025-07-12 08:25:25.145613",1752308725.14561,9
"1276",1276,"2025-07-13 08:25:36.156732",1752395136.15673,6
"1277",1277,"2025-07-14 08:35:23.49974",1752482123.49974,7
"1278",1278,"2025-07-15 08:30:21.651088",1752568221.65109,7
"1279",1279,"2025-07-16 08:29:50.258444",1752654590.25844,5
"1280",1280,"2025-07-17 08:29:51.69418",1752740991.69418,5
"1281",1281,"2025-07-18 08:29:13.742732",1752827353.74273,8
"1282",1282,"2025-07-19 08:26:47.521511",1752913607.52151,2
"1283",1283,"2025-07-20 08:26:16.125485",1752999976.12548,10
"1284",1284,"2025-07-21 08:33:18.58341",1753086798.58341,9
"1285",1285,"2025-07-22 08:31:40.041365",1753173100.04136,3
"1286",1286,"2025-07-23 08:31:57.424959",1753259517.42496,1
"1287",1287,"2025-07-24 08:30:25.043902",1753345825.0439,5
"1288",1288,"2025-07-25 08:29:19.245239",1753432159.24524,2
"1289",1289,"2025-07-26 08:26:55.988691",1753518415.98869,2
"1290",1290,"2025-07-27 08:26:28.901257",1753604788.90126,3
"1291",1291,"2025-07-28 08:33:59.121461",1753691639.12146,6
"1292",1292,"2025-07-29 08:30:24.138789",1753777824.13879,7
"1293",1293,"2025-07-30 08:32:17.190876",1753864337.19088,8
"1294",1294,"2025-07-31 08:31:32.443137",1753950692.44314,4
"1295",1295,"2025-08-01 08:31:39.680585",1754037099.68059,9
"1296",1296,"2025-08-02 08:27:19.086513",1754123239.08651,7
"1297",1297,"2025-08-03 08:27:52.920805",1754209672.9208,10
"1298",1298,"2025-08-04 08:32:54.544356",1754296374.54436,4
"1299",1299,"2025-08-05 08:32:24.477961",1754382744.47796,7
"1300",1300,"2025-08-06 08:31:09.036779",1754469069.03678,9
"1301",1301,"2025-08-07 08:31:24.403091",1754555484.40309,3
"1302",1302,"2025-08-08 08:31:06.711142",1754641866.71114,3
"1303",1303,"2025-08-09 08:27:33.116625",1754728053.11663,8
"1304",1304,"2025-08-10 08:27:49.354034",1754814469.35403,5
"1305",1305,"2025-08-11 08:32:11.863761",1754901131.86376,1
"1306",1306,"2025-08-12 08:29:33.871446",1754987373.87145,4
"1307",1307,"2025-08-13 08:28:52.592706",1755073732.59271,1
"1308",1308,"2025-08-14 08:33:00.556829",1755160380.55683,8
"1309",1309,"2025-08-15 08:28:28.767853",1755246508.76785,4
"1310",1310,"2025-08-16 08:25:34.487791",1755332734.48779,8
"1311",1311,"2025-08-17 08:27:58.398671",1755419278.39867,9
"1312",1312,"2025-08-18 08:30:52.126971",1755505852.12697,6
"1313",1313,"2025-08-19 08:28:16.225127",1755592096.22513,7
"1314",1314,"2025-08-20 08:27:57.253444",1755678477.25344,9
"1315",1315,"2025-08-21 08:29:09.535861",1755764949.53586,7
"1316",1316,"2025-08-22 08:27:16.531261",1755851236.53126,8
"1317",1317,"2025-08-23 08:23:46.433527",1755937426.43353,7
"1318",1318,"2025-08-24 08:24:08.348312",1756023848.34831,3
"1319",1319,"2025-08-25 08:29:38.509469",1756110578.50947,5
"1320",1320,"2025-08-26 08:30:05.695318",1756197005.69532,3
"1321",1321,"2025-08-27 08:27:36.876035",1756283256.87603,3
"1322",1322,"2025-08-28 08:27:08.635039",1756369628.63504,10
"1323",1323,"2025-08-29 08:25:58.265032",1756455958.26503,9
"1324",1324,"2025-08-30 08:23:45.775897",1756542225.7759,5
"1325",1325,"2025-08-31 08:24:07.998537",1756628647.99854,4
"1326",1326,"2025-09-01 08:31:18.371565",1756715478.37157,2
"1327",1327,"2025-09-02 08:28:17.490238",1756801697.49024,10
"1328",1328,"2025-09-03 08:25:37.457841",1756887937.45784,9
"1329",1329,"2025-09-04 08:26:48.444012",1756974408.44401,2
"1330",1330,"2025-09-05 08:26:27.037546",1757060787.03755,10
"1331",1331,"2025-09-06 08:22:59.364609",1757146979.36461,2
"1332",1332,"2025-09-07 08:55:03.25845",1757235303.25845,9
"1333",1333,"2025-09-08 08:28:36.608057",1757320116.60806,3
"1334",1334,"2025-09-09 08:31:55.637604",1757406715.6376,8
"1335",1335,"2025-09-10 08:27:14.706385",1757492834.70639,5
"1336",1336,"2025-09-11 08:25:42.085217",1757579142.08522,3
"1337",1337,"2025-09-12 08:26:09.823915",1757665569.82392,2
"1338",1338,"2025-09-13 08:23:41.466408",1757751821.46641,8
"1339",1339,"2025-09-14 08:24:12.442722",1757838252.44272,6
"1340",1340,"2025-09-15 08:26:29.703141",1757924789.70314,2
"1341",1341,"2025-09-16 08:28:24.498958",1758011304.49896,8
